sp;BodyMass.Value;Nocturnal;ForStrat.watbelowsurf;ForStrat.wataroundsurf;ForStrat.ground;ForStrat.understory;ForStrat.midhigh;ForStrat.canopy;ForStrat.aerial;PelagicSpecialist;litter_or_clutch_size_n;litters_or_clutches_per_y;range_m2
Amazona_aestiva;451;0;0;0;0;30;40;30;0;0;3;NA;5.85745E+12
Anodorhynchus_glaucus;NA;NA;NA;NA;NA;NA;NA;NA;NA;NA;2;NA;1.81085E+11
Aramides_cajaneus;397;0;0;50;50;0;0;0;0;0;4.3;NA;1.30382E+13
Arremon_flavirostris;26.13;0;0;0;80;20;0;0;0;0;2.8;NA;1.94027E+12
Campylopterus_calcirupicola;8.3;0;0;0;0;40;60;0;0;0;2;NA;NA
Cichlocolaptes_mazarbarnetti;NA;NA;NA;NA;NA;NA;NA;NA;NA;NA;NA;NA;46664287.25
Columbina_cyanopis;45.63;0;0;0;100;0;0;0;0;0;2;NA;2587817647
Columbina_cyanopis;45.63;0;0;0;100;0;0;0;0;0;2;NA;552520242.7
Cotinga_maculata;65;0;0;0;0;30;50;20;0;0;NA;NA;1.0743E+11
Cotinga_maculata;65;0;0;0;0;30;50;20;0;0;NA;NA;30328090905
Cotinga_maculata;65;0;0;0;0;30;50;20;0;0;NA;NA;68068263402
Drymophila_genei;11.08;0;0;0;40;40;20;0;0;0;NA;NA;24960166414
Elaenia_albiceps;15.5;0;0;0;0;0;100;0;0;0;2.4;NA;1.07564E+13
Eleothreptus_candicans;49.3;1;0;0;20;40;40;0;0;0;2;NA;5622691453
Eleothreptus_candicans;49.3;1;0;0;20;40;40;0;0;0;2;NA;3055921558
Eleothreptus_candicans;49.3;1;0;0;20;40;40;0;0;0;2;NA;1.38994E+12
Eleothreptus_candicans;49.3;1;0;0;20;40;40;0;0;0;2;NA;3577599197
Formicivora_acutirostris;10;0;0;0;50;50;0;0;0;0;2;NA;880775217.6
Glaucidium_mooreorum;51;1;0;0;80;10;10;0;0;0;NA;NA;6471474.826
Harpagus_diodon;200;0;0;0;0;0;70;0;30;0;2;NA;2.34556E+12
Harpagus_diodon;200;0;0;0;0;0;70;0;30;0;2;NA;5.18033E+12
Harpagus_diodon;200;0;0;0;0;0;70;0;30;0;2;NA;5.05246E+11
Mergus_octosetaceus;983;0;100;0;0;0;0;0;0;0;8;NA;51321711989
Mergus_octosetaceus;983;0;100;0;0;0;0;0;0;0;8;NA;1.26337E+12
Myrmotherula_snowi;9.59;0;0;0;0;40;60;0;0;0;NA;NA;197954189.6
Myrmotherula_snowi;9.59;0;0;0;0;40;60;0;0;0;NA;NA;87467849.68
Nothura_maculosa;257.48;0;0;0;100;0;0;0;0;0;5.5;NA;5.64526E+12
Ortalis_guttata;547.72;0;0;0;0;0;50;50;0;0;3.5;NA;4.43444E+12
Ortalis_squamata;547.72;0;0;0;0;0;50;50;0;0;3;NA;2.91029E+11
Philydor_novaesi;38;0;0;0;0;50;50;0;0;0;NA;NA;126987498.4
Sporophila_cinnamomea;NA;NA;0;0;50;50;0;0;0;0;3;NA;3.39382E+11
Sporophila_cinnamomea;NA;NA;0;0;50;50;0;0;0;0;3;NA;2.07994E+12
Sporophila_cinnamomea;NA;NA;0;0;50;50;0;0;0;0;3;NA;3.2795E+11
Sporophila_maximiliani;NA;NA;0;0;70;30;0;0;0;0;2;NA;1.62731E+12
Sporophila_maximiliani;NA;NA;0;0;70;30;0;0;0;0;2;NA;1.05712E+11
Sporophila_maximiliani;NA;NA;0;0;70;30;0;0;0;0;2;NA;93741897197
Sporophila_melanogaster;NA;NA;0;0;50;50;0;0;0;0;2;NA;8.19249E+11
Sporophila_melanogaster;NA;NA;0;0;50;50;0;0;0;0;2;NA;17770496550
Sporophila_palustris;NA;NA;0;0;50;50;0;0;0;0;2;NA;86582475625
Sporophila_palustris;NA;NA;0;0;50;50;0;0;0;0;2;NA;1.50153E+12
Sporophila_palustris;NA;NA;0;0;50;50;0;0;0;0;2;NA;9.29278E+11
Synallaxis_cinerea;13.8;0;0;0;20;60;20;0;0;0;NA;NA;24736389180
Taoniscus_nanus;43;0;0;0;80;20;0;0;0;0;3;NA;8.60101E+11
Taoniscus_nanus;43;0;0;0;80;20;0;0;0;0;3;NA;2.22651E+11
Vireo_chivi;16.06;0;0;0;0;0;20;80;0;0;3;NA;2.80234E+12
Vireo_chivi;16.06;0;0;0;0;0;20;80;0;0;3;NA;1.36792E+11
Vireo_chivi;16.06;0;0;0;0;0;20;80;0;0;3;NA;1.1299E+13
Vireo_olivaceus;16.06;0;0;0;0;0;20;80;0;0;3.7;1.5;1.1299E+13
Porphyriops_melanops;NA;NA;NA;NA;NA;NA;NA;NA;NA;NA;6;NA;4.13646E+12
Celeus_galeatus;124;0;0;0;0;50;50;0;0;0;NA;NA;3.66026E+11
Celeus_galeatus;124;0;0;0;0;50;50;0;0;0;NA;NA;1.83809E+11
Suiriri_affinis;22.8;0;0;0;0;10;90;0;0;0;2.5;NA;NA
Paraclaravis_geoffroyi;43.47;0;0;0;100;0;0;0;0;0;2;NA;4.64998E+11
Paraclaravis_geoffroyi;43.47;0;0;0;100;0;0;0;0;0;2;NA;1.48133E+11
Chaetura_meridionalis;22.2;0;0;0;0;0;0;0;100;0;3.75;NA;4.92715E+12
Chaetura_meridionalis;22.2;0;0;0;0;0;0;0;100;0;3.75;NA;1.28476E+12
Chaetura_meridionalis;22.2;0;0;0;0;0;0;0;100;0;3.75;NA;6.5548E+12
Chlorostilbon_lucidus;3.5;0;0;0;0;0;90;10;0;0;2;NA;5.78831E+12
Fulica_armillata;1040;0;70;30;0;0;0;0;0;0;4;NA;2.73358E+12
Chelidoptera_tenebrosa;35.9;0;0;0;0;0;30;30;40;0;1.7;NA;8.68995E+12
Chloroceryle_inda;52.1;0;90;10;0;0;0;0;0;0;4.5;NA;8.41476E+12
Chlorestes_notata;4.2;0;0;0;0;70;30;0;0;0;2;NA;NA
Chondrohierax_uncinatus;286.07;0;0;0;0;50;50;0;0;0;2;NA;8.80053E+12
Chondrohierax_uncinatus;286.07;0;0;0;0;50;50;0;0;0;2;NA;5466357726
Chordeiles_acutipennis;48.42;1;0;0;0;20;70;0;10;0;1.75;1;63250040519
Chordeiles_minor;79.3;1;0;0;0;10;0;0;90;0;2;1;1.38379E+13
Chordeiles_nacunda;NA;NA;NA;NA;NA;NA;NA;NA;NA;NA;1.45;NA;1.22708E+13
Chrysolampis_mosquitus;3.9;0;0;0;0;50;30;20;0;0;2;NA;7.39781E+12
Strix_huhula;370;1;0;0;10;10;10;70;0;0;1;NA;NA
Strix_virgata;283.97;1;0;0;80;20;0;0;0;0;2.5;NA;NA
Ciconia_maguari;3994.99;0;0;80;20;0;0;0;0;0;3.07;NA;5.04231E+12
Circus_buffoni;507.4;0;0;0;100;0;0;0;0;0;3.75;NA;3.75458E+12
Circus_buffoni;507.4;0;0;0;100;0;0;0;0;0;3.75;NA;2.0224E+12
Circus_cinereus;399.67;0;0;0;60;20;20;0;0;0;3.75;NA;1.2812E+12
Heliodoxa_rubricauda;7.9;0;0;0;0;20;60;20;0;0;2;NA;NA
Coccycua_cinerea;41.04;0;0;0;50;30;20;0;0;0;3;NA;2.25882E+12
Coccycua_cinerea;41.04;0;0;0;50;30;20;0;0;0;3;NA;3.00717E+12
Coccyzus_euleri;52.3;0;0;0;50;30;20;0;0;0;2;NA;9.03635E+12
Coccyzus_americanus;64;0;0;0;0;0;40;60;0;0;3.25;1.5;1.4009E+13
Coccyzus_erythropthalmus;50.9;0;0;0;30;30;30;10;0;0;2,605;1;2.29696E+12
Colaptes_campestris;158;0;0;0;100;0;0;0;0;0;4.75;NA;4.57442E+12
Colaptes_campestris;158;0;0;0;100;0;0;0;0;0;4.5;NA;4.57442E+12
Colaptes_melanochloros;127.27;0;0;0;0;50;50;0;0;0;4;NA;4.72375E+12
Colibri_serrirostris;6.7;0;0;0;0;70;30;0;0;0;2;NA;2.37067E+12
Platyrinchus_mystaceus;9.7;0;0;0;0;80;20;0;0;0;2;NA;95934600.53
Platyrinchus_mystaceus;9.7;0;0;0;0;80;20;0;0;0;2;NA;5.06797E+12
Columbina_picui;47;0;0;0;100;0;0;0;0;0;2;NA;5.73642E+12
Columbina_squammata;52.9;0;0;0;100;0;0;0;0;0;2;NA;4.8144E+12
Coscoroba_coscoroba;4294.78;0;0;50;50;0;0;0;0;0;6;1;2.18959E+12
Coturnicops_notatus;30;0;0;0;80;20;0;0;0;0;3;NA;1.59294E+12
Crax_blumenbachii;3500;0;0;0;60;20;20;0;0;0;2;NA;1.36638E+11
Crax_blumenbachii;3500;0;0;0;60;20;20;0;0;0;2;NA;1149729292
Crax_fasciolata;2600;0;0;0;80;20;0;0;0;0;2;NA;3.40486E+12
Crotophaga_major;148.25;0;0;0;30;20;20;30;0;0;2.45;NA;1.21179E+13
Crypturellus_noctivagus;561.99;0;0;0;100;0;0;0;0;0;4;NA;1.46958E+12
Crypturellus_obsoletus;443.4;0;0;0;100;0;0;0;0;0;4.5;NA;1.84185E+12
Crypturellus_parvirostris;198.99;0;0;0;100;0;0;0;0;0;4.5;NA;6.65957E+12
Crypturellus_undulatus;564.42;0;0;0;100;0;0;0;0;0;4.5;NA;8.5335E+12
Crypturellus_variegatus;378;0;0;0;100;0;0;0;0;0;1;NA;5.43682E+12
Cygnus_melancoryphus;4711.68;0;0;100;0;0;0;0;0;0;5517206478;1;2.47651E+12
Dendrocygna_viduata;689.99;0;80;20;0;0;0;0;0;0;8;1;8.47092E+12
Cypseloides_fumigatus;41.95;0;0;0;0;0;0;0;100;0;1;NA;2.32558E+12
Cypseloides_senex;82.25;0;0;0;0;0;0;0;100;0;NA;NA;2.01535E+12
Discosura_longicaudus;3.4;0;0;0;0;0;20;80;0;0;2;NA;2.15016E+12
Fulica_leucoptera;656;0;10;70;20;0;0;0;0;0;11;NA;3.04159E+12
Diopsittaca_nobilis;150.91;0;0;0;20;20;40;20;0;0;4;NA;4.9521E+11
Discosura_langsdorffi;2.8;0;0;0;0;0;40;60;0;0;2;NA;1.98002E+12
Dromococcyx_pavoninus;46.4;0;0;0;50;50;0;0;0;0;1;NA;3.09999E+12
Elanoides_forficatus;416.24;0;0;0;0;50;50;0;0;0;2;1;1.25528E+13
Hydropsalis_anomala;43.7;1;0;0;20;70;10;0;0;0;2;NA;NA
Nycticryphes_semicollaris;NA;NA;NA;NA;NA;NA;NA;NA;NA;NA;2;NA;2.53419E+12
Lophornis_chalybeus;3;0;0;0;0;30;60;10;0;0;2;NA;1.8247E+11
Eudocimus_ruber;660.08;0;0;50;50;0;0;0;0;0;2;NA;8.16485E+11
Eupetomena_macroura;9;0;0;0;0;0;60;30;10;0;2;NA;4.59414E+12
Eupsittula_aurea;84.62;0;0;0;70;30;0;0;0;0;2.9;NA;5.76473E+12
Eupsittula_cactorum;139.26;0;0;0;0;50;50;0;0;0;6;NA;1.19523E+12
Falco_rufigularis;163.64;0;0;0;10;30;30;0;30;0;2.5;NA;56956882073
Florisuga_fusca;8.1;0;0;0;0;30;60;0;10;0;2;NA;6.69756E+11
Florisuga_fusca;8.1;0;0;0;0;30;60;0;10;0;2;NA;5481117792
Fulica_rufifrons;644;0;20;60;20;0;0;0;0;0;4.2;NA;1.25602E+12
Pyrrhocoma_ruficeps;15.6;0;0;0;0;80;20;0;0;0;NA;NA;NA
Gallinago_undulata;312.42;0;0;0;100;0;0;0;0;0;2.65;NA;2.58556E+12
Gampsonyx_swainsonii;92.9;0;0;0;100;0;0;0;0;0;2.5;2;1.02662E+13
Geranoaetus_albicaudatus;885;0;0;0;100;0;0;0;0;0;2;1;8.70712E+12
Geranoaetus_albicaudatus;885;0;0;0;100;0;0;0;0;0;2;1;9785796175
Geranoaetus_melanoleucus;2378.62;0;0;0;100;0;0;0;0;0;2;NA;6.80805E+12
Glaucis_dohrnii;5.8;0;0;0;0;100;0;0;0;0;2;NA;1.07928E+11
Glaucis_dohrnii;5.8;0;0;0;0;100;0;0;0;0;2;NA;978169816.8
Glaucis_hirsutus;6.76;0;0;0;0;100;0;0;0;0;2;3;4.34394E+11
Glaucis_hirsutus;6.76;0;0;0;0;100;0;0;0;0;2;3;7.38547E+12
Spinus_magellanicus;NA;NA;NA;NA;NA;NA;NA;NA;NA;NA;4;NA;6.07755E+12
Guira_guira;141;0;0;0;70;20;10;0;0;0;8.25;NA;8.02738E+12
Pionopsitta_pileata;119;0;0;0;0;0;60;40;0;0;2;NA;7.28894E+11
Heliactin_bilophus;4.4;0;0;0;0;50;50;0;0;0;2;NA;3.8765E+12
Pionus_maximiliani;293;0;0;0;0;30;50;20;0;0;4;NA;4.525E+12
Pionus_menstruus;251;0;0;0;0;30;50;20;0;0;3.5;NA;8.37482E+12
Pionus_reichenowi;251;0;0;0;0;30;50;20;0;0;3.5;NA;1.33896E+11
Heliomaster_furcifer;5.4;0;0;0;0;20;80;0;0;0;2;NA;2.96818E+12
Heliomaster_squamosus;5.9;0;0;0;0;0;100;0;0;0;2;NA;1.51926E+12
Heliothryx_auritus;5.4;0;0;0;0;0;50;40;10;0;2;NA;6.89348E+12
Vanellus_cayanus;75.76;0;0;0;100;0;0;0;0;0;2;NA;NA
Hydropsalis_maculicaudus;30.3;1;0;0;0;40;40;0;20;0;1;NA;3.27165E+12
Hydropsalis_torquata;58.5;1;0;20;20;20;20;0;20;0;2;NA;7.88216E+12
Ibycter_americanus;624;0;0;0;10;20;50;20;0;0;2.75;NA;8.08712E+12
Hylocharis_chrysura;4.5;0;0;0;0;20;40;30;10;0;2;NA;3.12843E+12
Hylocharis_cyanus;3.3;0;0;0;10;30;30;30;0;0;2;NA;7.032E+12
Ictinia_mississippiensis;276.03;0;0;0;10;10;10;10;60;0;2;1;1.0244E+12
Ictinia_plumbea;249.9;0;0;0;0;0;0;20;80;0;1.45;NA;1.1392E+13
Pyriglena_leuconota;32.3;0;0;0;40;40;20;0;0;0;1.4;NA;1.9826E+12
Ixobrychus_exilis;86.29;0;0;50;50;0;0;0;0;0;4.09;2;2.32971E+12
Ixobrychus_involucris;80.1;0;0;80;20;0;0;0;0;0;3;NA;2.4E+12
Jacamaralcyon_tridactyla;18.3;0;0;0;0;50;50;0;0;0;2;NA;3.8996E+11
Jacana_jacana;106.24;0;0;50;50;0;0;0;0;0;4;NA;1.37833E+13
Sittasomus_griseicapillus;13.12;0;0;0;0;0;50;50;0;0;2.5;NA;1.09118E+13
Anabacerthia_amaurotis;19.2;0;0;0;20;60;20;0;0;0;NA;NA;4.99167E+11
Anabacerthia_amaurotis;19.2;0;0;0;20;60;20;0;0;0;NA;NA;69621247.31
Alectrurus_risora;25;0;0;0;0;80;20;0;0;0;3;NA;98766305625
Alectrurus_risora;25;0;0;0;0;80;20;0;0;0;3;NA;1.35783E+11
Alectrurus_risora;25;0;0;0;0;80;20;0;0;0;3;NA;7.00573E+11
Antilophia_galeata;21.48;0;0;0;0;50;50;0;0;0;2;NA;1.96037E+12
Malacoptila_striata;44.1;0;0;0;50;50;0;0;0;0;4;NA;7.28928E+11
Myiothlypis_leucophrys;14.9;0;0;0;80;20;0;0;0;0;3;NA;8.08585E+11
Batara_cinerea;131;0;0;0;30;30;40;0;0;0;2.4;NA;6.00013E+11
Mareca_sibilatrix;923.16;0;0;30;70;0;0;0;0;0;7;NA;1.37819E+12
Procacicus_solitarius;79.76;0;0;0;0;40;60;0;0;0;2;NA;NA
Calyptura_cristata;5;0;0;0;0;50;50;0;0;0;NA;NA;3118949.118
Calyptura_cristata;5;0;0;0;0;50;50;0;0;0;NA;NA;274854600.6
Calyptura_cristata;5;0;0;0;0;50;50;0;0;0;NA;NA;2640542203
Carpornis_cucullata;74.19;0;0;0;0;50;50;0;0;0;1;NA;2.51728E+11
Casiornis_rufus;24.8;0;0;0;0;40;30;30;0;0;NA;NA;2.80282E+12
Casiornis_rufus;24.8;0;0;0;0;40;30;30;0;0;NA;NA;2.76423E+12
Casiornis_fuscus;19.5;0;0;0;0;40;30;30;0;0;NA;NA;2.10672E+12
Cercomacroides_laeta;NA;NA;NA;NA;NA;NA;NA;NA;NA;NA;2;NA;3.93674E+11
Clibanornis_dendrocolaptoides;48.2;0;0;0;60;40;0;0;0;0;NA;NA;4.5298E+11
Colonia_colonus;18.3;0;0;0;0;30;70;0;0;0;2.4;NA;6.76704E+12
Phylloscartes_eximius;7.5;0;0;0;0;0;100;0;0;0;2;NA;NA
Cranioleuca_semicinerea;15;0;0;0;0;0;50;50;0;0;NA;NA;9.87589E+11
Cyanocorax_cyanopogon;146;0;0;0;10;30;30;30;0;0;5;NA;3.06817E+12
Anumara_forbesi;NA;NA;NA;NA;NA;NA;NA;NA;NA;NA;2;NA;112337350
Anumara_forbesi;NA;NA;NA;NA;NA;NA;NA;NA;NA;NA;2;NA;18687090180
Cyanoloxia_brissonii;NA;NA;NA;NA;NA;NA;NA;NA;NA;NA;2;NA;5.85188E+12
Cyanoloxia_glaucocaerulea;18.2;0;0;0;50;50;0;0;0;0;3;NA;6.83559E+11
Cyanoloxia_glaucocaerulea;18.2;0;0;0;50;50;0;0;0;0;3;NA;5.11793E+11
Dacnis_cayana;13;0;0;0;0;0;30;60;10;0;2;NA;56501792441
Phleocryptes_melanops;14.6;0;0;0;100;0;0;0;0;0;2.8;NA;3.00901E+11
Phleocryptes_melanops;14.6;0;0;0;100;0;0;0;0;0;2.8;NA;3.52448E+12
Dysithamnus_stictothorax;16.16;0;0;0;0;30;70;0;0;0;NA;NA;4.15231E+11
Drymophila_rubricollis;10;0;0;0;0;20;80;0;0;0;NA;NA;3.29399E+11
Elaenia_parvirostris;13.8;0;0;0;0;33;33;33;0;0;2.4;NA;8.22436E+12
Elaenia_parvirostris;13.8;0;0;0;0;33;33;33;0;0;2.4;NA;2.74194E+12
Griseotyrannus_aurantioatrocristatus;33;0;0;0;0;33;33;33;0;0;2.8;NA;84511613.01
Griseotyrannus_aurantioatrocristatus;33;0;0;0;0;33;33;33;0;0;2.8;NA;4.04325E+12
Griseotyrannus_aurantioatrocristatus;33;0;0;0;0;33;33;33;0;0;2.8;NA;5.42079E+12
Euphonia_violacea;15;0;0;0;0;30;40;30;0;0;3.75;NA;4.92194E+12
Fluvicola_albiventer;11.6;0;0;0;60;40;0;0;0;0;2.45;NA;2.50333E+12
Fluvicola_albiventer;11.6;0;0;0;60;40;0;0;0;0;2.45;NA;5.61785E+12
Formicivora_iheringi;8.2;0;0;0;30;30;40;0;0;0;NA;NA;1667053403
Formicivora_iheringi;8.2;0;0;0;30;30;40;0;0;0;NA;NA;2592846278
Formicivora_iheringi;8.2;0;0;0;30;30;40;0;0;0;NA;NA;18303690067
Formicivora_iheringi;8.2;0;0;0;30;30;40;0;0;0;NA;NA;312009580.2
Furnarius_rufus;46.42;0;0;0;70;30;0;0;0;0;3.2;NA;6.18167E+12
Geositta_cunicularia;28.5;0;0;0;100;0;0;0;0;0;2.4;NA;2.9123E+12
Herpsilochmus_sellowi;7.5;0;0;0;0;30;70;0;0;0;2;NA;9.92626E+11
Herpsilochmus_sellowi;7.5;0;0;0;0;30;70;0;0;0;2;NA;3160236107
Hemitriccus_obsoletus;11.6;0;0;0;0;80;20;0;0;0;2;NA;2.62927E+11
Hemitriccus_diops;10;0;0;0;0;100;0;0;0;0;2;NA;7.37337E+11
Hemitriccus_furcatus;8.64;0;0;0;0;50;50;0;0;0;1;NA;2220151026
Hemitriccus_furcatus;8.64;0;0;0;0;50;50;0;0;0;1;NA;3696189890
Hemitriccus_furcatus;8.64;0;0;0;0;50;50;0;0;0;1;NA;49420564195
Hemitriccus_furcatus;8.64;0;0;0;0;50;50;0;0;0;1;NA;5342819503
Herpsilochmus_atricapillus;9.85;0;0;0;0;0;100;0;0;0;NA;NA;3.73187E+12
Hemitriccus_kaempferi;8.64;0;0;0;0;80;20;0;0;0;NA;NA;78212666.75
Hemitriccus_kaempferi;8.64;0;0;0;0;80;20;0;0;0;NA;NA;7847656951
Hemitriccus_kaempferi;8.64;0;0;0;0;80;20;0;0;0;NA;NA;18853576.45
Hemitriccus_nidipendulus;7.5;0;0;0;0;80;20;0;0;0;2;NA;5.42186E+11
Poospiza_thoracica;NA;NA;0;0;90;10;0;0;0;0;NA;NA;NA
Hylopezus_nattereri;32;0;0;0;100;0;0;0;0;0;NA;NA;4.94038E+11
Hylopezus_ochroleucus;28;0;0;0;100;0;0;0;0;0;2;NA;5.45869E+11
Pachysylvia_muscicapina;NA;NA;NA;NA;NA;NA;NA;NA;NA;NA;NA;NA;2.38668E+12
Hymenops_perspicillatus;22.9;0;0;0;100;0;0;0;0;0;2.8;NA;1.12425E+12
Hymenops_perspicillatus;22.9;0;0;0;100;0;0;0;0;0;2.8;NA;2.68328E+12
Larus_cirrocephalus;374.69;0;20;40;40;0;0;0;0;0;3;NA;1.32758E+12
Larus_cirrocephalus;374.69;0;20;40;40;0;0;0;0;0;3;NA;5.07464E+12
Larus_maculipennis;339;0;0;20;60;20;0;0;0;0;2.5;NA;2.28289E+11
Laterallus_leucopyrrhus;45.5;0;0;0;100;0;0;0;0;0;2.7;NA;8.82129E+11
Laterallus_melanophaius;52.1;0;0;50;50;0;0;0;0;0;2.4;NA;1.01603E+13
Laterallus_xenopterus;56.9;0;0;30;70;0;0;0;0;0;NA;NA;40747300631
Laterallus_xenopterus;56.9;0;0;30;70;0;0;0;0;0;NA;NA;6139321067
Laterallus_xenopterus;56.9;0;0;30;70;0;0;0;0;0;NA;NA;1.65668E+12
Leptotila_rufaxilla;157;0;0;0;100;0;0;0;0;0;1.7;NA;1.16682E+13
Leucochloris_albicollis;6.3;0;0;0;0;30;60;10;0;0;2;NA;2.17708E+12
Limosa_haemastica;253.29;0;0;50;50;0;0;0;0;0;3.95;1;1.30075E+12
Lophornis_magnificus;2.7;0;0;0;0;50;50;0;0;0;2;NA;2.55726E+12
Myrmoderus_loricatus;NA;NA;NA;NA;NA;NA;NA;NA;NA;NA;2;NA;1.7796E+11
Rhopias_gularis;8.7;0;0;0;0;80;20;0;0;0;2;NA;5.00928E+11
Stigmatura_bahiae;9.77;0;0;0;0;80;20;0;0;0;2.5;NA;5.72168E+11
Pseudopipra_pipra;NA;NA;NA;NA;NA;NA;NA;NA;NA;NA;2;NA;4.94339E+12
Ceratopipra_rubrocapilla;12;0;0;0;0;50;50;0;0;0;2;NA;3.39182E+12
Philohydor_lictor;25.5;0;0;0;10;70;20;0;0;0;2.7;NA;2.735E+11
Philohydor_lictor;25.5;0;0;0;10;70;20;0;0;0;2.7;NA;8.91258E+12
Mesembrinibis_cayennensis;756;0;0;40;60;0;0;0;0;0;2.5;NA;1.05767E+13
Microspingus_lateralis;NA;NA;0;0;100;0;0;0;0;0;NA;NA;57392653157
Microspingus_melanoleucus;NA;NA;0;0;20;50;30;0;0;0;3.5;NA;1.48267E+12
Sporophila_nigricollis;NA;NA;0;0;30;70;0;0;0;0;2.25;2;7.14212E+12
Tangara_ornata;33;0;0;0;10;10;20;60;0;0;3;NA;3.92892E+11
Tangara_sayaca;32.49;0;0;0;10;0;20;70;0;0;2.5;NA;6.56634E+12
Notharchus_swainsoni;60.72;0;0;0;33;33;33;0;0;0;3.5;NA;9.27746E+11
Xenops_rutilans;11.2;0;0;0;0;20;80;0;0;0;2.5;NA;NA
Hydropsalis_forcipata;139;1;0;0;0;20;70;10;0;0;2;NA;NA
Megascops_choliba;132;1;0;0;40;50;0;0;10;0;2;NA;1.30126E+13
Megascops_atricapilla;118.89;1;0;0;10;10;20;60;0;0;2.5;NA;9.90151E+11
Megascops_sanctaecatarinae;179.72;1;0;0;50;50;0;0;0;0;2;NA;4.18334E+11
Melanerpes_flavifrons;57.78;0;0;0;0;50;50;0;0;0;3;NA;1.5578E+12
Melanerpes_candidus;108;0;0;0;0;50;50;0;0;0;3.5;NA;5.53605E+12
Systellura_longirostris;45.6;1;0;0;0;50;40;0;10;0;1.5;NA;9.24438E+11
Systellura_longirostris;45.6;1;0;0;0;50;40;0;10;0;1.5;NA;3.37211E+12
Mitu_mitu;2850.47;0;0;0;100;0;0;0;0;0;2.5;NA;310414407.8
Neocrex_erythrops;58.3;0;0;20;80;0;0;0;0;0;5.8;NA;3.05965E+12
Neomorphus_geoffroyi;355.03;0;0;0;100;0;0;0;0;0;1;NA;2.9179E+12
Micrastur_mintoni;209.5;0;0;0;0;100;0;0;0;0;NA;NA;1.88234E+12
Micrastur_mirandollei;548.99;0;0;0;0;50;50;0;0;0;NA;NA;5.26989E+12
Micrastur_semitorquatus;621.68;0;0;0;50;30;20;0;0;0;2.7;NA;1.20544E+13
Micropygia_schomburgkii;31.2;0;0;0;60;40;0;0;0;0;2;NA;3.01052E+12
Milvago_chimachima;315.21;0;0;0;100;0;0;0;0;0;2;NA;1.36236E+13
Momotus_momota;114.96;0;0;0;30;30;30;10;0;0;3.5;1;8.09606E+12
Monasa_morphoeus;87.9;0;0;0;33;33;33;0;0;0;2.5;1;5.20999E+12
Monasa_nigrifrons;80.7;0;0;0;40;40;20;0;0;0;3;NA;7.02166E+12
Nomonyx_dominicus;364.97;0;100;0;0;0;0;0;0;0;5;1;6.32754E+12
Nomonyx_dominicus;364.97;0;100;0;0;0;0;0;0;0;5;1;1.44346E+12
Nonnula_rubecula;18.4;0;0;0;50;50;0;0;0;0;2.5;NA;5.4385E+12
Nothura_boraquira;283;0;0;0;100;0;0;0;0;0;4;NA;1.34829E+12
Numenius_borealis;350.11;0;0;0;80;20;0;0;0;0;3.43;NA;1.74457E+12
Nyctibius_aethereus;440.45;1;0;0;0;0;80;20;0;0;1;NA;4.97511E+12
Nyctibius_leucopterus;86.4;1;0;0;0;0;90;0;10;0;1;NA;2.90897E+12
Nyctibius_leucopterus;86.4;1;0;0;0;0;90;0;10;0;1;NA;4.15761E+11
Nyctipolus_hirundinaceus;57.51;1;0;0;0;20;20;0;60;0;1;NA;6.77664E+11
Nystalus_chacuru;52.3;0;0;0;33;33;33;0;0;0;2.8;NA;4.32943E+12
Nystalus_maculatus;42;0;0;0;33;33;33;0;0;0;2.4;NA;3.64234E+12
Odontophorus_capueira;425.4;0;0;0;100;0;0;0;0;0;5;NA;1.72477E+12
Ortalis_canicollis;539;0;0;0;20;0;40;40;0;0;4;NA;1.17176E+12
Oxyura_vittata;642.68;0;100;0;0;0;0;0;0;0;4;1;1.15213E+12
Oxyura_vittata;642.68;0;100;0;0;0;0;0;0;0;4;1;1.98691E+12
Pardirallus_nigricans;217;0;0;60;40;0;0;0;0;0;3;NA;3.25486E+12
Pardirallus_sanguinolentus;232;0;0;20;80;0;0;0;0;0;4.95;NA;4.58002E+12
Porphyrio_flavirostris;92.64;0;0;20;60;20;0;0;0;0;4.5;NA;5.27004E+12
Patagioenas_maculosa;347;0;0;0;80;20;0;0;0;0;1.4;NA;3.65968E+12
Penelope_superciliaris;894.99;0;0;0;33;0;33;33;0;0;3;NA;5.61442E+12
Patagioenas_picazuro;279;0;0;0;30;30;30;10;0;0;1;NA;5.82872E+12
Patagioenas_plumbea;178.77;0;0;0;0;0;30;70;0;0;1;NA;6.56487E+12
Patagioenas_speciosa;258.47;0;0;0;30;20;30;20;0;0;1;NA;7.37028E+11
Patagioenas_speciosa;258.47;0;0;0;30;20;30;20;0;0;1;NA;2.00241E+12
Vanellus_chilensis;327;0;0;20;80;0;0;0;0;0;4;NA;1.33218E+13
Penelope_obscura;1770;0;0;0;30;30;30;10;0;0;3;NA;1.0128E+12
Penelope_jacucaca;1282;0;0;0;20;0;40;40;0;0;2.5;NA;6.17594E+11
Phaethornis_eurynome;5.3;0;0;0;0;100;0;0;0;0;2;NA;9.34281E+11
Veniliornis_affinis;34.83;0;0;0;0;0;60;40;0;0;NA;NA;5.38653E+12
Phaethornis_idaliae;2.6;0;0;0;0;100;0;0;0;0;2;NA;1.54971E+11
Phaethornis_malaris;5.9;0;0;0;0;100;0;0;0;0;2;NA;11618746304
Phaethornis_malaris;5.9;0;0;0;0;100;0;0;0;0;2;NA;3.7904E+12
Phaethornis_pretrei;5.6;0;0;0;0;100;0;0;0;0;2;NA;3.73634E+12
Phaethornis_ruber;2.4;0;0;0;0;100;0;0;0;0;2;NA;9.72877E+12
Phaethornis_squalidus;3.4;0;0;0;0;100;0;0;0;0;2;NA;2.72388E+11
Phaetusa_simplex;235;0;50;30;10;10;0;0;0;0;2.4;NA;1.33053E+13
Phimosus_infuscatus;559;0;0;80;20;0;0;0;0;0;3.75;NA;6.58583E+12
Phacellodomus_ferrugineigula;24.5;0;0;0;0;100;0;0;0;0;2;NA;5.87279E+11
Phacellodomus_rufifrons;24.6;0;0;0;70;20;10;0;0;0;3;NA;2.79323E+12
Piculus_flavigula;55;0;0;0;0;0;40;60;0;0;3.5;NA;6.46418E+12
Picumnus_albosquamatus;11.9;0;0;0;0;40;30;30;0;0;2;NA;2.00748E+12
Picumnus_cirratus;10.2;0;0;0;0;50;50;0;0;0;2.4;NA;2.34839E+12
Picumnus_exilis;9.3;0;0;0;0;80;20;0;0;0;NA;NA;22309580240
Picumnus_exilis;9.3;0;0;0;0;80;20;0;0;0;NA;NA;1.24171E+12
Picumnus_fulvescens;11.32;0;0;0;0;40;30;30;0;0;NA;NA;1.19593E+11
Picumnus_nebulosus;11.6;0;0;0;0;50;50;0;0;0;NA;NA;5.1797E+11
Picumnus_temminckii;11.5;0;0;0;0;80;20;0;0;0;2;NA;5.14586E+11
Picumnus_pygmaeus;11;0;0;0;0;40;30;30;0;0;NA;NA;8.3748E+11
Pilherodius_pileatus;568.59;0;0;80;20;0;0;0;0;0;3.5;NA;1.00665E+13
Pipile_cujubi;1195.82;0;0;0;20;0;40;40;0;0;2.5;NA;2.67773E+12
Pipile_cumanensis;1239.22;0;0;0;0;0;30;70;0;0;3;NA;3.13871E+12
Plegadis_chihi;616.89;0;0;80;20;0;0;0;0;0;3.06;1;3.82869E+12
Pluvialis_dominica;151.47;0;0;0;100;0;0;0;0;0;3.93;1;1.4403E+12
Podicephorus_major;1646;0;100;0;0;0;0;0;0;0;4;NA;NA
Podiceps_occipitalis;320.69;0;50;50;0;0;0;0;0;0;2.5;NA;9.42053E+11
Mustelirallus_albicollis;100;0;0;0;100;0;0;0;0;0;3.2;NA;NA
Porzana_spiloptera;61.06;0;0;60;40;0;0;0;0;0;NA;NA;1.33954E+11
Primolius_maracana;256;0;0;0;20;20;30;30;0;0;3;NA;40583495646
Primolius_maracana;256;0;0;0;20;20;30;30;0;0;3;NA;3.45876E+12
Primolius_maracana;256;0;0;0;20;20;30;30;0;0;3;NA;5.49179E+11
Psittacara_leucophthalmus;158;0;0;0;20;20;40;20;0;0;3.5;NA;8.73112E+12
Pteroglossus_aracari;250.16;0;0;0;0;0;30;70;0;0;2.9;NA;3.32009E+12
Pteroglossus_bailloni;146;0;0;0;0;0;60;40;0;0;3;NA;6.57176E+11
Pteroglossus_castanotis;258.09;0;0;0;0;20;60;20;0;0;2;NA;5.07146E+12
Pteroglossus_inscriptus;125.82;0;0;0;0;0;30;70;0;0;2.9;NA;2.97843E+12
Rhea_americana;23000;0;0;0;100;0;0;0;0;0;12;1;6.5376E+12
Pyrrhura_cruentata;75.87;0;0;0;0;30;50;20;0;0;2.9;NA;10274713505
Pyrrhura_cruentata;75.87;0;0;0;0;30;50;20;0;0;2.9;NA;44808607570
Pyrrhura_cruentata;75.87;0;0;0;0;30;50;20;0;0;2.9;NA;1.78457E+11
Pyrrhura_frontalis;72;0;0;0;0;30;50;20;0;0;5.5;NA;1.70458E+12
Pyrrhura_leucotis;75.87;0;0;0;0;33;33;33;0;0;6.7;NA;2.73325E+11
Rallus_longirostris;259.35;0;10;40;40;10;0;0;0;0;10;1.5;3.59192E+11
Ramphastos_vitellinus;360.36;0;0;0;10;10;50;30;0;0;3;NA;1.74805E+12
Ramphastos_vitellinus;360.36;0;0;0;10;10;50;30;0;0;3;NA;1.74805E+12
Ramphastos_dicolorus;331;0;0;0;20;0;0;80;0;0;2.9;NA;1.39418E+12
Ramphastos_toco;617.99;0;0;0;20;10;10;60;0;0;2.9;NA;4.57359E+12
Rhynchotus_rufescens;843.47;0;0;0;80;20;0;0;0;0;8;NA;5.67428E+12
Rostrhamus_sociabilis;366.94;0;0;0;100;0;0;0;0;0;3;1.5;9.10809E+11
Laterallus_viridis;64.34;0;0;0;100;0;0;0;0;0;2;NA;NA
Rupornis_magnirostris;269;0;0;0;33;33;33;0;0;0;2;NA;1785758356
Rupornis_magnirostris;269;0;0;0;33;33;33;0;0;0;2;NA;5466357726
Sarkidiornis_sylvicola;2610;0;0;50;50;0;0;0;0;0;20;1;9.68099E+12
Selenidera_maculirostris;164;0;0;0;0;20;40;40;0;0;2.7;NA;9.30803E+11
Hydropsalis_parvula;NA;NA;NA;NA;NA;NA;NA;NA;NA;NA;2;NA;NA
Anas_platalea;465.43;0;0;100;0;0;0;0;0;0;8.5;NA;NA
Anas_versicolor;595.21;0;20;80;0;0;0;0;0;0;8;NA;NA
Spizaetus_ornatus;1197.4;0;0;0;10;20;50;20;0;0;1;NA;8.57576E+12
Spizaetus_tyrannus;1007.11;0;0;0;20;20;30;20;10;0;2;NA;7.47301E+12
Steganopus_tricolor;59.39;0;0;80;20;0;0;0;0;0;4;NA;5.55269E+12
Stephanoxis_lalandi;4;0;0;0;0;60;20;10;10;0;2;NA;3.00522E+11
Stephanoxis_loddigesii;4;0;0;0;0;60;20;10;10;0;2;NA;8.34348E+11
Sterna_hirundinacea;188;0;100;0;0;0;0;0;0;1;2.3;NA;3.4222E+11
Sterna_trudeaui;153;0;100;0;0;0;0;0;0;0;3.25;NA;4.59251E+11
Sternula_superciliaris;NA;NA;NA;NA;NA;NA;NA;NA;NA;NA;2.4;NA;1.13806E+13
Strix_hylophila;345.38;1;0;0;20;10;10;60;0;0;2.4;NA;74490299.02
Strix_hylophila;345.38;1;0;0;20;10;10;60;0;0;2.4;NA;7.11522E+11
Syrigma_sibilatrix;463;0;30;70;0;0;0;0;0;0;4;NA;4.23535E+12
Tachornis_squamata;10.97;0;0;0;0;10;40;20;30;0;3;NA;9.486E+12
Thalurania_watertonii;4.6;0;0;0;0;40;60;0;0;0;2;NA;16862274948
Thalurania_watertonii;4.6;0;0;0;0;40;60;0;0;0;2;NA;68717403.38
Thalurania_watertonii;4.6;0;0;0;0;40;60;0;0;0;2;NA;34605111535
Tigrisoma_lineatum;812.99;0;0;80;20;0;0;0;0;0;2;NA;1.32398E+13
Trogon_curucui;54;0;0;0;10;30;30;30;0;0;2.5;NA;7.39624E+12
Touit_melanonotus;66.51;0;0;0;0;30;50;20;0;0;NA;NA;13847582353
Touit_melanonotus;66.51;0;0;0;0;30;50;20;0;0;NA;NA;14296651928
Touit_surdus;66.51;0;0;0;0;30;50;20;0;0;NA;NA;98994544629
Triclaria_malachitacea;90;0;0;0;0;30;50;20;0;0;2.8;NA;30242987138
Triclaria_malachitacea;90;0;0;0;0;30;50;20;0;0;2.8;NA;18847830731
Trogon_surrucura;73.29;0;0;0;0;0;100;0;0;0;3;NA;1.36697E+12
Uropelia_campestris;35.2;0;0;0;100;0;0;0;0;0;NA;NA;1.7918E+12
Trogon_surrucura;73.29;0;0;0;0;0;100;0;0;0;3;NA;1.36697E+12
Trogon_viridis;89.69;0;0;0;10;0;30;60;0;0;2.5;NA;7.90782E+12
Veniliornis_maculifrons;38.69;0;0;0;10;30;30;30;0;0;NA;NA;2.53878E+11
Veniliornis_mixtus;28.74;0;0;0;0;50;50;0;0;0;4;NA;3.64501E+12
Veniliornis_mixtus;28.74;0;0;0;0;50;50;0;0;0;4;NA;11569205838
Anthus_lutescens;12.6;0;0;0;100;0;0;0;0;0;2.8;NA;7.24181E+12
Conopophaga_cearae;22;0;0;0;60;40;0;0;0;0;2;NA;58579527734
Conopophaga_lineata;25.21;0;0;0;60;40;0;0;0;0;2;NA;1.89694E+12
Contopus_cinereus;11.6;0;0;0;0;30;70;0;0;0;2.4;NA;3.83779E+12
Cichlocolaptes_leucophrus;50;0;0;0;0;20;80;0;0;0;NA;NA;1.48331E+11
Cichlocolaptes_leucophrus;50;0;0;0;0;20;80;0;0;0;NA;NA;1.48331E+11
Cichlopsis_leucogenys;53.77;0;0;0;20;30;30;20;0;0;3;NA;1.0235E+11
Dendrocincla_turdina;39;0;0;0;0;40;60;0;0;0;2;NA;1.19346E+12
Formicivora_paludicola;10;0;0;0;50;50;0;0;0;0;1;NA;487845595.9
Elaenia_chiriquensis;15.4;0;0;0;0;40;60;0;0;0;2;1.5;7.20792E+12
Elaenia_sordida;23.9;0;0;0;0;0;20;60;20;0;2;NA;2.03524E+12
Furnarius_leucopus;54.8;0;0;0;100;0;0;0;0;0;2;NA;4.78315E+12
Euscarthmus_meloryphus;6.8;0;0;0;0;100;0;0;0;0;2;NA;6.21271E+12
Formicivora_grisea;10.36;0;0;0;20;40;40;0;0;0;2;NA;5.03285E+12
Formicivora_serrana;11.4;0;0;0;50;50;0;0;0;0;2;NA;2.09784E+11
Herpsilochmus_rufimarginatus;10.58;0;0;0;0;0;100;0;0;0;NA;NA;6.80852E+11
Hylophilus_thoracicus;NA;NA;0;0;0;0;50;50;0;0;2;NA;1.41072E+11
Laniisoma_elegans;47.4;0;0;0;50;50;0;0;0;0;NA;NA;23578354210
Laniisoma_elegans;47.4;0;0;0;50;50;0;0;0;0;NA;NA;3.28141E+11
Laniisoma_elegans;47.4;0;0;0;50;50;0;0;0;0;NA;NA;1.7253E+11
Mackenziaena_leachii;70.2;0;0;0;40;40;20;0;0;0;NA;NA;8.28556E+11
Manacus_manacus;16.7;0;0;0;0;80;20;0;0;0;2;3;7.52486E+12
Myiarchus_swainsoni;25.1;0;0;0;0;100;0;0;0;0;3.5;NA;5.88277E+12
Myiarchus_swainsoni;25.1;0;0;0;0;100;0;0;0;0;3.5;NA;5.20152E+12
Myiodynastes_maculatus;43.2;0;0;0;0;0;100;0;0;0;2.5;NA;4.27645E+12
Myiarchus_tyrannulus;35.45;0;0;0;20;80;0;0;0;0;3.95;1;9.177E+12
Myiobius_barbatus;11.9;0;0;0;0;30;70;0;0;0;2;NA;6.23139E+12
Myiophobus_fasciatus;9.9;0;0;0;0;100;0;0;0;0;2;NA;1.00176E+13
Myrmotherula_axillaris;8.09;0;0;0;0;20;80;0;0;0;2;NA;NA
Neopelma_pallescens;18.2;0;0;0;0;50;50;0;0;0;1.8;NA;2.43962E+12
Pachyramphus_viridis;21;0;0;0;0;50;50;0;0;0;2.8;NA;4.95968E+12
Procnias_averano;146.06;0;0;0;0;50;50;0;0;0;1;NA;1.12387E+12
Progne_subis;53.79;0;0;0;20;20;20;20;20;0;4.79;1;4.63896E+12
Phaeomyias_murina;10;0;0;0;0;33;33;33;0;0;2;NA;1.08177E+13
Tyranniscus_burmeisteri;11.1;0;0;0;0;0;100;0;0;0;NA;NA;NA
Phyllomyias_griseocapilla;8;0;0;0;0;70;30;0;0;0;2;NA;1.90192E+11
Piprites_pileata;15;0;0;0;0;0;20;80;0;0;NA;NA;1281197436
Piprites_pileata;15;0;0;0;0;0;20;80;0;0;NA;NA;1.47199E+11
Piprites_pileata;15;0;0;0;0;0;20;80;0;0;NA;NA;45097444024
Poecilotriccus_plumbeiceps;5.7;0;0;0;0;100;0;0;0;0;2.4;NA;1.475E+12
Psilorhamphus_guttatus;11.3;0;0;0;10;60;30;0;0;0;NA;NA;4.1095E+11
Thamnophilus_ruficapillus;20.4;0;0;0;0;20;80;0;0;0;2.4;NA;1.39157E+12
Ramphotrigon_megacephalum;14.2;0;0;0;0;50;50;0;0;0;2;NA;2.26929E+12
Rhynchocyclus_olivaceus;21.3;0;0;0;0;50;50;0;0;0;2.4;NA;2.80641E+12
Schoeniophylax_phryganophilus;18.6;0;0;0;60;40;0;0;0;0;4.5;NA;2.56578E+12
Sclerurus_caudacutus;36.23;0;0;0;100;0;0;0;0;0;2;NA;5.50871E+12
Sclerurus_cearensis;36.9;0;0;0;100;0;0;0;0;0;1;NA;6.35489E+11
Sakesphorus_cristatus;17.7;0;0;0;30;50;20;0;0;0;2;NA;1.14094E+12
Sclerurus_cearensis;36.9;0;0;0;100;0;0;0;0;0;2.4;NA;6.35489E+11
Schiffornis_turdina;31.7;0;0;0;0;100;0;0;0;0;2;NA;5.58766E+12
Scytalopus_gonzagai;NA;NA;NA;NA;NA;NA;NA;NA;NA;NA;NA;NA;4359999674
Scytalopus_pachecoi;15.1;0;0;0;60;30;10;0;0;0;2;NA;46608014197
Sirystes_sibilator;32.3;0;0;0;0;0;0;100;0;0;NA;NA;4.17949E+12
Serpophaga_nigricans;8.5;0;0;0;60;40;0;0;0;0;3;NA;3.66177E+12
Serpophaga_subcristata;6.6;0;0;0;0;33;33;33;0;0;2.4;NA;5.5634E+12
Scytalopus_petrophilus;NA;NA;NA;NA;NA;NA;NA;NA;NA;NA;NA;NA;46264052261
Sporophila_bouvreuil;NA;NA;0;0;50;50;0;0;0;0;2.15;NA;3.34941E+12
Sporophila_pileata;NA;NA;0;0;50;50;0;0;0;0;2.15;NA;1.45342E+12
Stigmatura_budytoides;11.08;0;0;0;0;50;50;0;0;0;2;NA;1.86704E+12
Suiriri_suiriri;14.53;0;0;0;0;50;50;0;0;0;3;NA;2.05118E+12
Suiriri_suiriri;14.53;0;0;0;0;50;50;0;0;0;3;NA;2.89163E+11
Suiriri_suiriri;14.53;0;0;0;0;50;50;0;0;0;3;NA;7256543736
Suiriri_suiriri;14.53;0;0;0;0;50;50;0;0;0;3;NA;4.08039E+12
Synallaxis_hypospodia;16.9;0;0;0;0;100;0;0;0;0;2.45;NA;3.53032E+12
Synallaxis_infuscata;18.2;0;0;0;0;100;0;0;0;0;2;NA;666230973.5
Synallaxis_infuscata;18.2;0;0;0;0;100;0;0;0;0;2;NA;24202495416
Synallaxis_infuscata;18.2;0;0;0;0;100;0;0;0;0;2;NA;752188248.5
Synallaxis_scutata;15.4;0;0;0;100;0;0;0;0;0;2.4;NA;3.78958E+12
Tachuris_rubrigastra;7.8;0;0;0;0;100;0;0;0;0;3.5;NA;2.27226E+12
Tachuris_rubrigastra;7.8;0;0;0;0;100;0;0;0;0;3.5;NA;6.19356E+11
Syndactyla_dimidiata;29.4;0;0;0;0;50;50;0;0;0;NA;NA;1.72376E+12
Lipaugus_conditus;80;0;0;0;0;50;50;0;0;0;NA;NA;250467146.9
Lipaugus_conditus;80;0;0;0;0;50;50;0;0;0;NA;NA;49674813.85
Tityra_cayana;68.1;0;0;0;0;50;50;0;0;0;3;NA;5.1147E+12
Tolmomyias_flaviventris;12.2;0;0;0;0;0;20;80;0;0;2.45;NA;6.72238E+12
Turdus_albicollis;54;0;0;0;80;0;20;0;0;0;2.4;3;8.53251E+12
Turdus_subalaris;49.5;0;0;0;20;40;40;0;0;0;3;NA;1.6285E+12
Turdus_subalaris;49.5;0;0;0;20;40;40;0;0;0;3;NA;5.35416E+11
Xenopsaris_albinucha;10;0;0;0;50;50;0;0;0;0;3;NA;4.45365E+12
Xenops_minutus;10.6;0;0;0;0;50;50;0;0;0;2;NA;9.45531E+11
Xiphorhynchus_atlanticus;NA;NA;NA;NA;NA;NA;NA;NA;NA;NA;NA;NA;3.26678E+11
Cacicus_cela;85.45;0;0;0;0;0;20;80;0;0;2;NA;8.56855E+12
Charitospiza_eucosma;NA;NA;0;0;90;10;0;0;0;0;2;NA;2.85926E+11
Charitospiza_eucosma;NA;NA;0;0;90;10;0;0;0;0;2;NA;2.86522E+12
Geothlypis_aequinoctialis;13.1;0;0;0;0;100;0;0;0;0;2;NA;1.3121E+11
Geothlypis_aequinoctialis;13.1;0;0;0;0;100;0;0;0;0;2;NA;5.50762E+12
Geothlypis_aequinoctialis;13.1;0;0;0;0;100;0;0;0;0;2;NA;1.73726E+12
Nemosia_rourei;16;0;0;0;0;30;70;0;0;0;NA;NA;400003060.6
Nemosia_rourei;16;0;0;0;0;30;70;0;0;0;NA;NA;73557258.03
Nemosia_rourei;16;0;0;0;0;30;70;0;0;0;NA;NA;52793653.7
Microspingus_cinereus;NA;NA;0;0;20;50;30;0;0;0;3;NA;4.97728E+11
Microspingus_cinereus;NA;NA;0;0;20;50;30;0;0;0;3;NA;15620522150
Microspingus_cinereus;NA;NA;0;0;20;50;30;0;0;0;3;NA;1.13112E+12
Tangara_brasiliensis;20.5;0;0;0;0;30;30;40;0;0;2.5;NA;1.46154E+11
Pipraeidea_bonariensis;36;0;0;0;0;30;30;40;0;0;3;NA;2.30431E+12
Pipraeidea_bonariensis;36;0;0;0;0;30;30;40;0;0;3;NA;1.01284E+12
Poospiza_nigrorufa;NA;NA;0;0;80;20;0;0;0;0;3.5;NA;8.84056E+11
Poospiza_nigrorufa;NA;NA;0;0;80;20;0;0;0;0;3.5;NA;68617851224
Saltator_coerulescens;NA;NA;0;0;0;70;30;0;0;0;2,125;NA;8.19114E+12
Sula_dactylatra;1732.08;0;100;0;0;0;0;0;0;1;2;1;259237472.3
Hemitriccus_orbitatus;9.7;0;0;0;0;40;60;0;0;0;2;NA;6.63627E+11
Rhytipterna_simplex;31.8;0;0;0;0;50;50;0;0;0;NA;NA;7.37648E+12
Embernagra_longicauda;NA;NA;0;0;100;0;0;0;0;0;2;NA;86159829187
Embernagra_platensis;NA;NA;0;0;20;60;20;0;0;0;3;NA;2.73607E+12
Accipiter_poliogaster;1369.41;0;0;0;0;0;33;33;33;0;2;NA;5.9723E+12
Accipiter_poliogaster;1369.41;0;0;0;0;0;33;33;33;0;2;NA;1.23124E+12
Forpus_xanthopterygius;31;0;0;0;100;0;0;0;0;0;5.15;NA;5.78109E+12
Geotrygon_violacea;95.2;0;0;0;100;0;0;0;0;0;2;NA;1.49045E+12
Glaucidium_minutissimum;50;1;0;0;90;10;0;0;0;0;3;NA;1.20909E+12
Anumbius_annumbi;41.5;0;0;0;50;50;0;0;0;0;3.9;NA;2.92871E+12
Cacicus_haemorrhous;83.71;0;0;0;0;20;60;20;0;0;2;NA;8.04193E+12
Camptostoma_obsoletum;8.1;0;0;0;0;0;80;20;0;0;2;NA;57333452941
Camptostoma_obsoletum;8.1;0;0;0;0;0;80;20;0;0;2;NA;1.43705E+13
Chlorophonia_cyanea;14;0;0;0;0;0;20;80;0;0;3;NA;2.0107E+12
Euphonia_chalybea;19;0;0;0;0;50;50;0;0;0;3;6;7.45407E+11
Gnorimopsar_chopi;65.9;0;0;0;60;10;30;0;0;0;4;NA;5.93067E+12
Myrmoderus_squamosus;NA;NA;NA;NA;NA;NA;NA;NA;NA;NA;NA;NA;2.41752E+11
Anabacerthia_lichtensteini;21;0;0;0;0;0;50;50;0;0;NA;NA;1.5893E+12
Nyctibius_grandis;547;1;0;0;0;10;60;10;20;0;1;NA;5.71881E+11
Nyctibius_griseus;172.04;1;0;0;0;0;90;0;10;0;1;1;1.38062E+13
Ortalis_araucuan;547.72;0;0;0;0;0;50;50;0;0;3;NA;3.49739E+11
Orthopsittaca_manilatus;372;0;0;0;0;0;40;60;0;0;2;NA;7.14819E+12
Parabuteo_leucorrhous;290;0;0;0;100;0;0;0;0;0;2.2;NA;1.18931E+12
Polytmus_guainumbi;5.2;0;0;0;0;100;0;0;0;0;2;NA;4.83588E+12
Mimus_triurus;47.2;0;0;0;100;0;0;0;0;0;4;NA;3.28489E+12
Pseudastur_polionotus;NA;NA;NA;NA;NA;NA;NA;NA;NA;NA;NA;NA;8.13341E+11
Pulsatrix_koeniswaldiana;481;1;0;0;20;30;30;20;0;0;2;NA;6.51805E+11
Phylloscartes_ceciliae;7.6;0;0;0;0;0;30;70;0;0;NA;NA;18945378705
Theristicus_caerulescens;1500;0;0;80;20;0;0;0;0;0;2.7;NA;1.74982E+12
Theristicus_caudatus;1726;0;0;0;100;0;0;0;0;0;2.9;NA;5.14623E+12
Tinamus_solitarius;1386.41;0;0;0;100;0;0;0;0;0;6;NA;1.06972E+12
Veniliornis_passerinus;32.1;0;0;0;0;33;33;33;0;0;NA;NA;1.1103E+13
Veniliornis_spilogaster;40.3;0;0;0;0;50;50;0;0;0;NA;NA;1.54008E+12
Arremon_franciscanus;24.9;0;0;0;70;30;0;0;0;0;NA;NA;53111449620
Arremon_taciturnus;24.8;0;0;0;50;50;0;0;0;0;2;NA;6.75552E+12
Dolichonyx_oryzivorus;31.46;0;0;0;100;0;0;0;0;0;5.11;1,125;9.05334E+11
Machaeropterus_pyrocephalus;9.49;0;0;0;0;50;50;0;0;0;2;NA;2.22799E+12
Machaeropterus_regulus;9.34;0;0;0;0;50;50;0;0;0;1;NA;1.25458E+11
Xipholena_atropurpurea;61.32;0;0;0;0;0;100;0;0;0;1;NA;1.71882E+11
Xipholena_atropurpurea;61.32;0;0;0;0;0;100;0;0;0;1;NA;40685019626
Xipholena_atropurpurea;61.32;0;0;0;0;0;100;0;0;0;1;NA;1836598640
Myiopagis_caniceps;10.5;0;0;0;0;0;0;100;0;0;2;NA;2.65461E+12
Myiopagis_gaimardii;12.02;0;0;0;0;0;0;100;0;0;2;NA;8.67296E+12
Myrmotherula_unicolor;11.5;0;0;0;0;20;80;0;0;0;NA;NA;18652925864
Myrmotherula_unicolor;11.5;0;0;0;0;20;80;0;0;0;NA;NA;69117754465
Poecilotriccus_fumifrons;6.6;0;0;0;0;100;0;0;0;0;NA;NA;2.05524E+12
Polystictus_pectoralis;6.2;0;0;0;0;40;60;0;0;0;3;NA;3.6203E+12
Scytalopus_iraiensis;12.4;0;0;0;60;40;0;0;0;0;NA;NA;5149689424
Thamnophilus_aethiops;25.7;0;0;0;20;40;40;0;0;0;2;NA;4.9464E+12
Xiphorhynchus_fuscus;21.8;0;0;0;0;50;50;0;0;0;2.2;NA;1.94837E+12
Xiphorhynchus_guttatoides;59.69;0;0;0;0;10;90;0;0;0;2;NA;6.32523E+12
Xiphorhynchus_guttatoides;59.69;0;0;0;0;10;90;0;0;0;2;NA;6.32523E+12
Agelaioides_badius;45.25;0;0;0;50;30;20;0;0;0;_3.8;NA;3.735E+12
Agelaioides_fringillarius;45.25;0;0;0;50;30;20;0;0;0;3;NA;1.01742E+12
Basileuterus_auricapilla;10.5;0;0;0;0;70;30;0;0;0;3;NA;7.58643E+12
Myiothlypis_rivularis;NA;NA;NA;NA;NA;NA;NA;NA;NA;NA;2;NA;8.45649E+11
Piranga_flava;37.7;0;0;0;0;10;30;60;0;0;2.9;NA;5.77648E+12
Tangara_cyanomelas;21;0;0;0;0;10;20;70;0;0;2;NA;2.12116E+11
Tangara_flava;18;0;0;0;0;30;40;30;0;0;2;NA;4.24355E+12
Terenura_maculata;6.5;0;0;0;0;0;70;30;0;0;NA;NA;7.83993E+11
Anabazenops_fuscus;39;0;0;0;10;20;70;0;0;0;NA;NA;3.7273E+11
Anthus_chacoensis;21.83;0;0;0;100;0;0;0;0;0;NA;NA;6.20631E+11
Anthus_furcatus;20.06;0;0;0;80;10;10;0;0;0;4;NA;1.98762E+12
Arundinicola_leucocephala;13.8;0;0;0;50;50;0;0;0;0;2.65;NA;9.08782E+12
Progne_tapera;32;0;0;0;0;30;20;20;30;0;4;NA;6.2704E+12
Progne_tapera;32;0;0;0;0;30;20;20;30;0;4;NA;8.2356E+12
Progne_tapera;32;0;0;0;0;30;20;20;30;0;4;NA;43483186332
Asthenes_moreirae;10.48;0;0;0;0;80;20;0;0;0;NA;NA;39557946548
Attila_rufus;42.6;0;0;0;25;25;25;25;0;0;NA;NA;3.42523E+11
Automolus_lammi;34.5;0;0;0;0;80;20;0;0;0;3.5;NA;63964048189
Automolus_leucophthalmus;34.5;0;0;0;0;80;20;0;0;0;3.5;NA;1.80065E+12
Berlepschia_rikeri;37;0;0;0;0;0;50;50;0;0;NA;NA;5.17921E+12
Campylorhamphus_falcularius;42.6;0;0;0;0;50;50;0;0;0;2;NA;8.76891E+11
Campylorhamphus_trochilirostris;40.8;0;0;0;0;80;20;0;0;0;2;NA;7.39277E+12
Chamaeza_ruficauda;71.2;0;0;0;100;0;0;0;0;0;2;NA;3.71496E+11
Certhiaxis_cinnamomeus;15.2;0;0;0;0;33;33;33;0;0;3.1;NA;8.36499E+12
Chiroxiphia_caudata;25.6;0;0;0;0;50;50;0;0;0;2;NA;1.45955E+12
Cinclodes_pabsti;53;0;0;0;100;0;0;0;0;0;NA;NA;21291478924
Conopophaga_melanops;20.1;0;0;0;60;40;0;0;0;0;2;NA;2.42631E+11
Cranioleuca_obsoleta;13.4;0;0;0;0;0;70;30;0;0;NA;NA;6.54067E+11
Cranioleuca_pallida;11.5;0;0;0;0;0;50;50;0;0;NA;NA;6.94105E+11
Cranioleuca_sulphurifera;13.5;0;0;0;0;33;33;33;0;0;2.8;NA;7.11087E+11
Dendrocolaptes_certhia;68.7;0;0;0;0;10;90;0;0;0;1.5;NA;6.65934E+12
Donacospiza_albifrons;NA;NA;0;0;80;20;0;0;0;0;4;NA;1.67136E+12
Drymophila_ferruginea;10.6;0;0;0;0;30;70;0;0;0;NA;NA;5.06187E+11
Drymophila_malura;13;0;0;0;40;40;20;0;0;0;NA;NA;7.69779E+11
Inezia_inornata;12;0;0;0;0;33;33;33;0;0;NA;NA;9.58471E+11
Inezia_inornata;12;0;0;0;0;33;33;33;0;0;NA;NA;1.16664E+12
Elaenia_cristata;18.2;0;0;0;0;30;40;30;0;0;1.2;NA;5.12782E+12
Elaenia_spectabilis;27.3;0;0;0;0;0;0;100;0;0;2;NA;2.88497E+12
Elaenia_spectabilis;27.3;0;0;0;0;0;0;100;0;0;2;NA;5.64816E+12
Euphonia_xanthogaster;13;0;0;0;0;20;60;20;0;0;4;NA;3.56577E+12
Formicarius_colma;47;0;0;0;80;20;0;0;0;0;2;NA;6.98211E+12
Formicivora_erythronotos;10.3;0;0;0;40;40;20;0;0;0;2;NA;131329408.4
Formicivora_melanogaster;10.5;0;0;0;40;40;20;0;0;0;2;NA;2.64964E+12
Aramides_mangle;183;0;0;60;40;0;0;0;0;0;5.5;NA;7.74438E+11
Aramides_saracura;540;0;0;30;70;0;0;0;0;0;4.5;NA;9.28705E+11
Aramides_ypecaha;700.07;0;0;30;70;0;0;0;0;0;4.5;NA;3.65212E+12
Gubernetes_yetapa;68.4;0;0;0;80;20;0;0;0;0;3;NA;2.08211E+12
Haplospiza_unicolor;NA;NA;0;0;80;20;0;0;0;0;3;NA;9.77515E+11
Hemithraupis_guira;12;0;0;0;0;0;10;90;0;0;NA;NA;9.38006E+12
Hemithraupis_ruficapilla;11;0;0;0;0;0;10;90;0;0;NA;NA;6.48723E+11
Herpsilochmus_longirostris;12.8;0;0;0;0;30;70;0;0;0;NA;NA;1.99124E+12
Icterus_pyrrhopterus;35.44;0;0;0;0;20;40;40;0;0;2.2;NA;6.5841E+12
Ilicura_militaris;12.7;0;0;0;0;50;50;0;0;0;2.5;NA;8.40622E+11
Iodopleura_pipra;10.03;0;0;0;0;0;100;0;0;0;1;NA;22497331658
Iodopleura_pipra;10.03;0;0;0;0;0;100;0;0;0;1;NA;1.30161E+11
Iodopleura_pipra;10.03;0;0;0;0;0;100;0;0;0;1;NA;1.03525E+11
Knipolegus_cyanirostris;15.4;0;0;0;0;100;0;0;0;0;1.7;NA;1.57904E+12
Knipolegus_cyanirostris;15.4;0;0;0;0;100;0;0;0;0;1.7;NA;5.74436E+11
Knipolegus_lophotes;31.8;0;0;0;50;50;0;0;0;0;3;NA;1.31976E+12
Lathrotriccus_euleri;11.33;0;0;0;0;100;0;0;0;0;2.45;NA;56494880666
Lathrotriccus_euleri;11.33;0;0;0;0;100;0;0;0;0;2.45;NA;8.26576E+12
Lathrotriccus_euleri;11.33;0;0;0;0;100;0;0;0;0;2.45;NA;1.94943E+12
Amazona_farinosa;625.99;0;0;0;0;0;60;40;0;0;3;NA;6.79364E+12
Legatus_leucophaius;22.2;0;0;0;0;0;20;80;0;0;2.5;NA;1.08461E+13
Lepidocolaptes_squamatus;28.1;0;0;0;0;0;50;50;0;0;NA;NA;7.45643E+11
Leptopogon_amaurocephalus;11.7;0;0;0;0;50;50;0;0;0;2.45;NA;7.75097E+12
Leptasthenura_setaria;11;0;0;0;0;0;50;50;0;0;NA;NA;3.94946E+11
Lessonia_rufa;13.4;0;0;0;100;0;0;0;0;0;2.8;NA;2.61345E+12
Coccycua_minuta;39.3;0;0;0;0;50;50;0;0;0;2;NA;1.2432E+11
Coccycua_minuta;39.3;0;0;0;0;50;50;0;0;0;2;NA;8.62977E+12
Leptasthenura_striolata;10.5;0;0;0;0;33;33;33;0;0;NA;NA;2.08965E+11
Lochmias_nematura;22;0;0;0;100;0;0;0;0;0;2;NA;2.6495E+12
Limnoctites_rectirostris;18.5;0;0;0;100;0;0;0;0;0;2.4;NA;36118170979
Limnoctites_rectirostris;18.5;0;0;0;100;0;0;0;0;0;2.4;NA;1.43558E+11
Limnornis_curvirostris;28.6;0;0;0;100;0;0;0;0;0;2;NA;2.17468E+11
Lipaugus_lanioides;94.8;0;0;0;0;50;50;0;0;0;1;NA;1.90695E+11
Lipaugus_lanioides;94.8;0;0;0;0;50;50;0;0;0;1;NA;2811477501
Lipaugus_lanioides;94.8;0;0;0;0;50;50;0;0;0;1;NA;10474696610
Lipaugus_lanioides;94.8;0;0;0;0;50;50;0;0;0;1;NA;40730245533
Lipaugus_vociferans;75.42;0;0;0;0;50;50;0;0;0;1;NA;7.06308E+12
Mackenziaena_severa;51.8;0;0;0;30;40;30;0;0;0;NA;NA;9.55426E+11
Megaxenops_parnaguae;25;0;0;0;0;0;100;0;0;0;NA;NA;11235128195
Megaxenops_parnaguae;25;0;0;0;0;0;100;0;0;0;NA;NA;6.58297E+11
Melanopareia_torquata;17.2;0;0;0;60;40;0;0;0;0;2;NA;2.77095E+12
Charadrius_falklandicus;65;0;0;40;60;0;0;0;0;0;3;NA;74149682.06
Charadrius_falklandicus;65;0;0;40;60;0;0;0;0;0;3;NA;2.08873E+11
Merulaxis_ater;35.03;0;0;0;100;0;0;0;0;0;NA;NA;1.63734E+11
Merulaxis_stresemanni;37;0;0;0;60;40;0;0;0;0;NA;NA;21751303.34
Merulaxis_stresemanni;37;0;0;0;60;40;0;0;0;0;NA;NA;5713689.469
Merulaxis_stresemanni;37;0;0;0;60;40;0;0;0;0;NA;NA;68971924.71
Mionectes_rufiventris;13.3;0;0;0;0;10;90;0;0;0;3;NA;1.05768E+12
Charadrius_modestus;78;0;0;0;100;0;0;0;0;0;2;NA;1.20501E+12
Charadrius_modestus;78;0;0;0;100;0;0;0;0;0;2;NA;329242601.4
Muscipipra_vetula;27;0;0;0;100;0;0;0;0;0;3;NA;8.28375E+11
Myiarchus_ferox;27.5;0;0;0;0;80;20;0;0;0;2.2;NA;1.18542E+13
Myiobius_atricaudus;10;0;0;0;0;30;70;0;0;0;2;NA;4.60738E+12
Myiornis_auricularis;5.3;0;0;0;0;50;50;0;0;0;2.5;NA;1.26722E+12
Phacellodomus_striaticollis;25.7;0;0;0;70;30;0;0;0;0;3.5;NA;6.51243E+11
Myiozetetes_cayanensis;25.9;0;0;0;50;30;20;0;0;0;2.45;2.5;50961888221
Myiozetetes_cayanensis;25.9;0;0;0;50;30;20;0;0;0;2.45;2.5;7.48191E+12
Myiozetetes_similis;28;0;0;0;20;20;40;20;0;0;3;NA;9.26223E+12
Myrmorchilus_strigilatus;23;0;0;0;50;50;0;0;0;0;2;NA;1.7288E+12
Myrmotherula_minor;6.4;0;0;0;0;30;70;0;0;0;NA;NA;2364445016
Myrmotherula_minor;6.4;0;0;0;0;30;70;0;0;0;NA;NA;2616371176
Myrmotherula_minor;6.4;0;0;0;0;30;70;0;0;0;NA;NA;29300318154
Myrmotherula_minor;6.4;0;0;0;0;30;70;0;0;0;NA;NA;6512394676
Myrmotherula_urosticta;8.88;0;0;0;0;0;100;0;0;0;2;NA;11469043040
Myrmotherula_urosticta;8.88;0;0;0;0;0;100;0;0;0;2;NA;3033301178
Myrmotherula_urosticta;8.88;0;0;0;0;0;100;0;0;0;2;NA;1.00611E+11
Neopelma_aurifrons;14;0;0;0;0;60;40;0;0;0;NA;NA;3539750436
Neopelma_aurifrons;14;0;0;0;0;60;40;0;0;0;NA;NA;2474445459
Neopelma_aurifrons;14;0;0;0;0;60;40;0;0;0;NA;NA;2.73828E+11
Neopelma_aurifrons;14;0;0;0;0;60;40;0;0;0;NA;NA;2597251201
Neopelma_chrysolophum;16.02;0;0;0;0;50;50;0;0;0;NA;NA;1.59669E+11
Onychorhynchus_swainsoni;17;0;0;0;0;30;70;0;0;0;2;NA;38102104622
Onychorhynchus_swainsoni;17;0;0;0;0;30;70;0;0;0;2;NA;1.60725E+11
Oxyruncus_cristatus;42;0;0;0;0;0;60;40;0;0;2;NA;1.87207E+12
Ornithion_inerme;7;0;0;0;0;0;30;70;0;0;1;NA;6.70125E+12
Pachyramphus_castaneus;19.5;0;0;0;0;0;100;0;0;0;NA;NA;5.78833E+12
Pachyramphus_marginatus;18.4;0;0;0;0;0;100;0;0;0;NA;NA;6.34491E+12
Pachyramphus_validus;43;0;0;0;0;50;50;0;0;0;4;NA;6.06329E+12
Paroaria_dominicana;33.2;0;0;0;20;80;0;0;0;0;3;NA;1.21275E+12
Petrochelidon_pyrrhonota;21.6;0;0;0;0;0;0;0;100;0;4.25;1.25;4.03517E+12
Petrochelidon_pyrrhonota;21.6;0;0;0;0;0;0;0;100;0;4.25;1.25;7.66309E+12
Tangara_fastuosa;20.02;0;0;0;0;0;40;60;0;0;2.5;NA;9494972.378
Tangara_fastuosa;20.02;0;0;0;0;0;40;60;0;0;2.5;NA;4110335.73
Tangara_fastuosa;20.02;0;0;0;0;0;40;60;0;0;2.5;NA;32312836.82
Tangara_fastuosa;20.02;0;0;0;0;0;40;60;0;0;2.5;NA;15649187066
Phacellodomus_erythrophthalmus;24.5;0;0;0;0;100;0;0;0;0;3;NA;3.94605E+11
Phacellodomus_ruber;41;0;0;0;50;50;0;0;0;0;3.5;NA;2.76647E+12
Phibalura_flavirostris;46.5;0;0;0;0;0;100;0;0;0;2.2;NA;1.21844E+11
Phibalura_flavirostris;46.5;0;0;0;0;0;100;0;0;0;2.2;NA;9.62676E+11
Philydor_rufum;25;0;0;0;0;0;40;60;0;0;2.2;NA;2.1878E+12
Philydor_atricapillus;22.2;0;0;0;0;33;33;33;0;0;NA;NA;1.12992E+12
Phylloscartes_beckeri;8.7;0;0;0;0;0;30;70;0;0;NA;NA;2304794966
Phylloscartes_difficilis;6.9;0;0;0;0;70;30;0;0;0;NA;NA;1.53932E+11
Phylloscartes_kronei;8.3;0;0;0;0;50;50;0;0;0;2.5;NA;5479415279
Phyllomyias_virescens;8.2;0;0;0;0;10;50;40;0;0;2;NA;1.02923E+12
Phylloscartes_oustaleti;10;0;0;0;0;0;40;60;0;0;NA;NA;74813951480
Phyllomyias_reiseri;7.48;0;0;0;0;0;0;100;0;0;2;NA;6.5023E+11
Phylloscartes_paulista;7.48;0;0;0;0;50;50;0;0;0;NA;NA;31475383154
Phylloscartes_paulista;7.48;0;0;0;0;50;50;0;0;0;NA;NA;1.18033E+11
Phylloscartes_paulista;7.48;0;0;0;0;50;50;0;0;0;NA;NA;4.73424E+11
Phylloscartes_roquettei;6;0;0;0;0;50;50;0;0;0;NA;NA;2.38047E+11
Phylloscartes_sylviolus;8;0;0;0;0;0;0;100;0;0;NA;NA;2212545.526
Phylloscartes_sylviolus;8;0;0;0;0;0;0;100;0;0;NA;NA;4.35008E+11
Phytotoma_rutila;40.5;0;0;0;20;40;40;0;0;0;2.8;NA;294502046.2
Phytotoma_rutila;40.5;0;0;0;20;40;40;0;0;0;2.8;NA;6.05221E+11
Phytotoma_rutila;40.5;0;0;0;20;40;40;0;0;0;2.8;NA;1.7564E+12
Brachygalba_lugubris;15.9;0;0;0;0;20;20;60;0;0;3;NA;4.79877E+12
Pipraeidea_melanonota;21;0;0;0;0;10;20;60;10;0;2;NA;2.1116E+12
Pipra_fasciicauda;15.9;0;0;0;0;50;50;0;0;0;2;NA;4.77937E+12
Platyrinchus_leucoryphus;16;0;0;0;0;0;100;0;0;0;2;NA;3.26489E+11
Platyrinchus_leucoryphus;16;0;0;0;0;0;100;0;0;0;2;NA;5003044914
Platyrinchus_leucoryphus;16;0;0;0;0;0;100;0;0;0;2;NA;99007757284
Platyrinchus_leucoryphus;16;0;0;0;0;0;100;0;0;0;2;NA;51270203790
Poecilotriccus_latirostris;8.1;0;0;0;0;100;0;0;0;0;NA;NA;4.66101E+12
Polioptila_lactea;6.5;0;0;0;0;33;33;33;0;0;NA;NA;4.41114E+11
Polystictus_superciliaris;6;0;0;0;20;80;0;0;0;0;1.4;NA;3.13991E+11
Procnias_nudicollis;172.04;0;0;0;0;50;50;0;0;0;1;NA;1.46745E+12
Calidris_bairdii;40.97;0;0;20;80;0;0;0;0;0;4;1;2.86986E+12
Pseudocolopteryx_dinelliana;7.89;0;0;0;0;100;0;0;0;0;3;NA;1.34801E+11
Pseudocolopteryx_dinelliana;7.89;0;0;0;0;100;0;0;0;0;3;NA;5.41177E+11
Pseudocolopteryx_dinelliana;7.89;0;0;0;0;100;0;0;0;0;3;NA;1.4207E+11
Pseudocolopteryx_flaviventris;7.5;0;0;0;0;100;0;0;0;0;2.8;NA;6.19355E+11
Pseudocolopteryx_flaviventris;7.5;0;0;0;0;100;0;0;0;0;2.8;NA;1.06633E+12
Pseudocolopteryx_sclateri;8;0;0;0;0;100;0;0;0;0;2;NA;8.16169E+11
Pseudoseisura_cristata;49.5;0;0;0;100;0;0;0;0;0;NA;NA;9.10454E+11
Pyriglena_atra;32;0;0;0;40;40;20;0;0;0;2;NA;4969988270
Pyriglena_atra;32;0;0;0;40;40;20;0;0;0;2;NA;199768550.6
Pyriglena_leucoptera;28.8;0;0;0;40;40;20;0;0;0;2;NA;1.22865E+12
Pyroderus_scutatus;357;0;0;0;0;50;50;0;0;0;1;NA;2.11667E+12
Ramphocelus_bresilius;32.9;0;0;0;0;70;30;0;0;0;2.5;NA;3.77669E+11
Ramphocelus_carbo;25.92;0;0;0;0;50;40;10;0;0;2;2;1.04989E+13
Rhopornis_ardesiacus;26.3;0;0;0;40;40;20;0;0;0;2;NA;312248017.3
Rhopornis_ardesiacus;26.3;0;0;0;40;40;20;0;0;0;2;NA;676474930.4
Rhopornis_ardesiacus;26.3;0;0;0;40;40;20;0;0;0;2;NA;1760844622
Satrapa_icterophrys;21.5;0;0;0;0;60;40;0;0;0;2.8;NA;6.57217E+12
Satrapa_icterophrys;21.5;0;0;0;0;60;40;0;0;0;2.8;NA;1.45631E+12
Saltator_maxillosus;NA;NA;0;0;0;30;30;40;0;0;2.5;NA;4.3688E+11
Schiffornis_virescens;25.6;0;0;0;0;100;0;0;0;0;2;NA;1.6626E+12
Scytalopus_novacapitalis;18.9;0;0;0;100;0;0;0;0;0;2;NA;1.18542E+11
Calidris_subruficollis;62.1;0;0;0;100;0;0;0;0;0;4;NA;1.4988E+12
Sporophila_collaris;NA;NA;0;0;0;100;0;0;0;0;2.5;NA;3.26475E+12
Stelgidopteryx_ruficollis;16.1;0;0;0;0;40;60;0;0;0;5.2;1;1.19385E+12
Netta_erythrophthalma;780.38;0;50;50;0;0;0;0;0;0;8.85;1;2.4833E+12
Sporophila_albogularis;NA;NA;0;0;50;50;0;0;0;0;2.5;NA;9.10935E+11
Synallaxis_frontalis;14;0;0;0;20;80;0;0;0;0;3.5;NA;5.74558E+12
Stephanophorus_diadematus;35.4;0;0;0;0;30;70;0;0;0;4;NA;1.08903E+12
Sublegatus_modestus;14;0;0;0;0;50;50;0;0;0;2;NA;5.70727E+12
Sublegatus_modestus;14;0;0;0;0;50;50;0;0;0;2;NA;7.63033E+11
Synallaxis_ruficapilla;13.8;0;0;0;20;60;20;0;0;0;2.4;NA;1.1749E+12
Synallaxis_spixi;12.6;0;0;0;20;80;0;0;0;0;3.9;NA;1.34384E+12
Synallaxis_albescens;11.2;0;0;0;30;70;0;0;0;0;2.5;NA;9.89192E+12
Synallaxis_cinerascens;13.1;0;0;0;50;50;0;0;0;0;3;NA;1.22412E+12
Syndactyla_rufosuperciliata;25.6;0;0;0;20;30;50;0;0;0;2.8;NA;1.72697E+12
Tachycineta_albiventer;17.7;0;0;0;0;80;20;0;0;0;4.35;NA;1.09092E+13
Tachycineta_albiventer;17.7;0;0;0;0;80;20;0;0;0;4.35;NA;8.33464E+11
Tachycineta_leucorrhoa;15.3;0;0;0;0;80;20;0;0;0;5.3;NA;5.02429E+12
Tachycineta_leucorrhoa;15.3;0;0;0;0;80;20;0;0;0;5.3;NA;1.36197E+12
Tangara_cyanocephala;18;0;0;0;0;20;20;60;0;0;2.5;2.5;4.44931E+11
Tangara_cyanoventris;16.5;0;0;0;0;20;40;40;0;0;NA;NA;4.75588E+11
Tangara_preciosa;22.8;0;0;0;0;30;40;30;0;0;NA;NA;1.10481E+12
Tangara_seledon;18.7;0;0;0;0;0;40;60;0;0;3;NA;6.72706E+11
Tersina_viridis;29;0;0;0;0;10;60;30;0;0;2.5;1.5;8.75758E+12
Thamnomanes_caesius;15.7;0;0;0;0;10;90;0;0;0;2;NA;6.04946E+12
Thamnophilus_ambiguus;23.45;0;0;0;0;30;70;0;0;0;2;NA;2.09893E+11
Thamnophilus_caerulescens;21.1;0;0;0;0;60;40;0;0;0;2.4;NA;3.96955E+12
Thamnophilus_palliatus;23.3;0;0;0;0;0;100;0;0;0;2;NA;2.5424E+12
Thamnophilus_pelzelni;20.9;0;0;0;0;20;80;0;0;0;2;NA;2.62278E+12
Thamnophilus_torquatus;21.1;0;0;0;40;40;10;10;0;0;2.4;NA;3.73254E+12
Thlypopsis_sordida;17;0;0;0;0;0;70;30;0;0;2;NA;6.8361E+12
Tangara_cyanoptera;43.3;0;0;0;10;0;20;70;0;0;2;NA;2.241E+11
Thripophaga_macroura;21;0;0;0;30;70;0;0;0;0;3;NA;743603318.7
Thripophaga_macroura;21;0;0;0;30;70;0;0;0;0;3;NA;5222706588
Thripophaga_macroura;21;0;0;0;30;70;0;0;0;0;3;NA;1.38895E+11
Tityra_inquisitor;43.1;0;0;0;0;0;100;0;0;0;3;NA;766976987.7
Todirostrum_poliocephalum;6.96;0;0;0;0;40;60;0;0;0;NA;NA;4.65101E+11
Tolmomyias_poliocephalus;10.8;0;0;0;0;0;50;50;0;0;NA;NA;6.11283E+12
Chloroceryle_aenea;13.75;0;90;10;0;0;0;0;0;0;3.5;NA;56077685916
Chloroceryle_amazona;126.38;0;100;0;0;0;0;0;0;0;3.75;1;1.31442E+13
Trichothraupis_melanops;22.58;0;0;0;30;30;20;10;10;0;3;NA;2.47324E+12
Turdus_amaurochalinus;57.9;0;0;0;20;20;30;30;0;0;3;NA;4.48033E+12
Turdus_amaurochalinus;57.9;0;0;0;20;20;30;30;0;0;3;NA;3.76906E+12
Turdus_fumigatus;75.7;0;0;0;50;50;0;0;0;0;3;3.5;4.07016E+12
Turdus_rufiventris;69.44;0;0;0;100;0;0;0;0;0;3.2;NA;5.02873E+12
Tyrannus_albogularis;37.1;0;0;0;0;50;50;0;0;0;NA;NA;2.61927E+11
Tyrannus_albogularis;37.1;0;0;0;0;50;50;0;0;0;NA;NA;4.23439E+12
Tyrannus_albogularis;37.1;0;0;0;0;50;50;0;0;0;NA;NA;2.49405E+12
Tyrannus_savana;31.9;0;0;0;50;50;0;0;0;0;2.45;NA;1.69544E+12
Tyrannus_savana;31.9;0;0;0;50;50;0;0;0;0;2.45;NA;5.40453E+12
Tyrannus_tyrannus;39.85;0;0;0;0;80;20;0;0;0;3.5;1;4.57487E+12
Ramphodon_naevius;7.9;0;0;0;0;100;0;0;0;0;NA;NA;9822345.879
Ramphodon_naevius;7.9;0;0;0;0;100;0;0;0;0;NA;NA;2.20318E+11
Xiphocolaptes_albicollis;118;0;0;0;0;0;100;0;0;0;2;NA;2.09751E+12
Xiphocolaptes_major;156;0;0;0;33;33;33;0;0;0;2.2;NA;1.4616E+12
Xolmis_cinereus;57.1;0;0;0;100;0;0;0;0;0;2.4;NA;6.89494E+12
Xolmis_coronatus;46.8;0;0;0;100;0;0;0;0;0;2.4;NA;7.62384E+11
Xolmis_coronatus;46.8;0;0;0;100;0;0;0;0;0;2.4;NA;1.51751E+12
Xolmis_irupero;28.7;0;0;0;100;0;0;0;0;0;3.5;NA;3.57064E+12
Xolmis_velatus;49.08;0;0;0;100;0;0;0;0;0;NA;NA;3.62048E+12
Thalurania_furcata;4.19;0;0;0;10;30;30;30;0;0;2;NA;1.12254E+13
Thalurania_glaucopis;4.8;0;0;0;0;60;40;0;0;0;2;NA;1.41591E+12
Streptoprocne_biscutata;95.81;0;0;0;0;0;0;0;100;0;NA;NA;1.31482E+12
Streptoprocne_biscutata;95.81;0;0;0;0;0;0;0;100;0;NA;NA;4.2687E+11
Accipiter_superciliosus;99.51;0;0;0;0;0;33;33;33;0;1.85;NA;8.25689E+12
Aegolius_harrisii;120;1;0;0;80;20;0;0;0;0;3;NA;1.09857E+12
Alipiopsitta_xanthops;327.37;0;0;0;0;0;60;40;0;0;NA;NA;1.89278E+12
Alipiopsitta_xanthops;327.37;0;0;0;0;0;60;40;0;0;NA;NA;1.10455E+11
Crypturellus_strigulosus;430.58;0;0;0;80;20;0;0;0;0;NA;NA;2.58999E+12
Crypturellus_tataupa;218.8;0;0;0;50;50;0;0;0;0;4.5;2;4.85606E+12
Amazilia_versicolor;4.1;0;0;0;0;30;40;30;0;0;2;NA;5.1136E+12
Amazilia_fimbriata;4.9;0;0;0;0;80;20;0;0;0;2;2.5;1.074E+13
Amazilia_leucogaster;4.7;0;0;0;0;80;20;0;0;0;2;NA;3.22468E+11
Amazilia_sapphirina;4.4;0;0;0;0;70;30;0;0;0;NA;NA;3.9205E+12
Amazona_brasiliensis;327.37;0;0;0;0;30;50;20;0;0;3.75;NA;4747429894
Amazona_pretrei;272.76;0;0;0;0;30;50;20;0;0;2.9;NA;2119966686
Amazona_pretrei;272.76;0;0;0;0;30;50;20;0;0;2.9;NA;1959735.037
Amazona_pretrei;272.76;0;0;0;0;30;50;20;0;0;2.9;NA;15704626376
Amazona_pretrei;272.76;0;0;0;0;30;50;20;0;0;2.9;NA;8306199831
Amazona_rhodocorytha;474.34;0;0;0;0;0;80;20;0;0;3.5;NA;24259793530
Amazona_rhodocorytha;474.34;0;0;0;0;0;80;20;0;0;3.5;NA;2672573606
Amazonetta_brasiliensis;499.99;0;0;20;80;0;0;0;0;0;7;1;8.7447E+12
Amazona_vinacea;254;0;0;0;0;30;40;30;0;0;2.9;NA;47654526624
Amazona_vinacea;254;0;0;0;0;30;40;30;0;0;2.9;NA;49561242876
Amazona_vinacea;254;0;0;0;0;30;40;30;0;0;2.9;NA;58322035115
Amazona_vinacea;254;0;0;0;0;30;40;30;0;0;2.9;NA;3.7914E+11
Anhima_cornuta;3150;0;0;40;60;0;0;0;0;0;4;1;1.09797E+13
Anodorhynchus_hyacinthinus;1331;0;0;0;0;20;60;20;0;0;2.2;NA;1.31254E+11
Anodorhynchus_hyacinthinus;1331;0;0;0;0;20;60;20;0;0;2.2;NA;2.12089E+11
Anodorhynchus_hyacinthinus;1331;0;0;0;0;20;60;20;0;0;2.2;NA;2.16479E+12
Anodorhynchus_hyacinthinus;1331;0;0;0;0;20;60;20;0;0;2.2;NA;3.24673E+11
Anthracothorax_nigricollis;7;0;0;0;0;10;30;40;20;0;2;2.5;1.02077E+11
Anthracothorax_nigricollis;7;0;0;0;0;10;30;40;20;0;2;2.5;9.70669E+12
Antrostomus_sericocaudatus;NA;NA;NA;NA;NA;NA;NA;NA;NA;NA;NA;NA;1.16736E+12
Aphantochroa_cirrochloris;7.7;0;0;0;0;80;20;0;0;0;2;NA;1.43834E+12
Aratinga_auricapillus;130;0;0;0;30;50;20;0;0;0;NA;NA;65235250581
Aratinga_auricapillus;130;0;0;0;30;50;20;0;0;0;NA;NA;1.2016E+12
Aratinga_jandaya;89.4;0;0;0;0;33;33;33;0;0;3;NA;1.5144E+12
Ara_chloropterus;1214;0;0;0;0;0;60;40;0;0;2.4;NA;8.10125E+12
Ardea_cocoi;1752.44;0;0;100;0;0;0;0;0;0;3;NA;1.47421E+13
Augastes_scutatus;3;0;0;0;0;70;30;0;0;0;NA;NA;28653474188
Bartramia_longicauda;158.92;0;0;0;100;0;0;0;0;0;4;1;44048264840
Bartramia_longicauda;158.92;0;0;0;100;0;0;0;0;0;4;1;57389198.45
Bartramia_longicauda;158.92;0;0;0;100;0;0;0;0;0;4;1;3.16551E+12
Baryphthengus_ruficapillus;141.65;0;0;0;50;20;30;0;0;0;NA;NA;1.56571E+12
Brotogeris_chiriri;61.6;0;0;0;30;30;20;20;0;0;5;1;3.80345E+12
Brotogeris_tirica;63;0;0;0;0;20;20;60;0;0;4;NA;2.88587E+11
Buteogallus_coronatus;2950;0;0;0;100;0;0;0;0;0;1;NA;4.23434E+12
Amadonastur_lacernulatus;595.5;0;0;0;100;0;0;0;0;0;NA;NA;NA
Heterospizias_meridionalis;807.99;0;0;0;100;0;0;0;0;0;1;NA;NA
Buteo_brachyurus;496.01;0;0;0;0;0;0;80;20;0;2;NA;766976987.7
Buteo_brachyurus;496.01;0;0;0;0;0;0;80;20;0;2;NA;1.28886E+13
Buteo_nitidus;519.04;0;0;0;0;33;33;33;0;0;2;NA;1.04125E+13
Chauna_torquata;4400;0;0;40;60;0;0;0;0;0;4;NA;3.82709E+12
Campephilus_leucopogon;249;0;0;0;0;33;33;33;0;0;NA;NA;1.07758E+12
Campephilus_melanoleucos;256;0;0;0;0;0;100;0;0;0;2.5;NA;55739589598
Campephilus_melanoleucos;256;0;0;0;0;0;100;0;0;0;2.5;NA;1.10433E+13
Calliphlox_amethystina;2.8;0;0;0;0;50;40;0;10;0;2;NA;7.98818E+12
Callonetta_leucophrys;362.78;0;0;100;0;0;0;0;0;0;8.75;1;1.31022E+12
Campephilus_robustus;200;0;0;0;0;30;40;30;0;0;NA;NA;1.88583E+12
Cariama_cristata;1400;0;0;0;60;40;0;0;0;0;2.2;NA;5.93214E+12
Celeus_flavescens;139;0;0;0;20;30;50;0;0;0;NA;NA;2.61938E+12
Celeus_flavus;147.33;0;0;0;0;20;60;20;0;0;NA;NA;6.16327E+12
Celeus_flavus;147.33;0;0;0;0;20;60;20;0;0;NA;NA;35848208024
Celeus_lugubris;137;0;0;0;0;0;100;0;0;0;NA;NA;8.41522E+11
Celeus_obrieni;114;0;0;0;0;0;100;0;0;0;1;NA;8.05948E+11
Celeus_tinnunculus;134;0;0;0;0;20;60;20;0;0;NA;NA;1.20306E+11
Elaenia_mesoleuca;17.6;0;0;0;0;20;40;40;0;0;2.4;NA;2.21722E+12
Biatas_nigropectus;42;0;0;0;30;30;40;0;0;0;NA;NA;23893208994
Biatas_nigropectus;42;0;0;0;30;30;40;0;0;0;NA;NA;1.25642E+11
Biatas_nigropectus;42;0;0;0;30;30;40;0;0;0;NA;NA;8348727173
Acrobatornis_fonsecai;13.7;0;0;0;0;0;40;60;0;0;NA;NA;3689695114
Alectrurus_tricolor;16;0;0;0;0;80;20;0;0;0;NA;NA;1.0477E+12
Alectrurus_tricolor;16;0;0;0;0;80;20;0;0;0;NA;NA;2.02326E+11
Anthus_nattereri;19.5;0;0;0;100;0;0;0;0;0;4;NA;5.72734E+11
Anthus_nattereri;19.5;0;0;0;100;0;0;0;0;0;4;NA;1.81079E+11
Asthenes_hudsoni;19;0;0;0;50;50;0;0;0;0;3.2;NA;8.03715E+11
Asthenes_luizae;28;0;0;0;100;0;0;0;0;0;NA;NA;14884196595
Asthenes_pyrrholeuca;13.2;0;0;0;100;0;0;0;0;0;2.8;NA;1.40077E+12
Carpornis_melanocephala;64.19;0;0;0;0;50;50;0;0;0;NA;NA;14993606884
Carpornis_melanocephala;64.19;0;0;0;0;50;50;0;0;0;NA;NA;67889278186
Cercomacra_brasiliana;16.93;0;0;0;0;70;30;0;0;0;NA;NA;1.2916E+11
Chiroxiphia_pareola;16.84;0;0;0;0;50;50;0;0;0;2;NA;5.04032E+12
Cinclodes_fuscus;30;0;0;0;100;0;0;0;0;0;2.4;NA;1.36485E+12
Chamaeza_meruloides;69;0;0;0;100;0;0;0;0;0;NA;NA;1.0337E+11
Corythopis_delalandi;15;0;0;0;80;20;0;0;0;0;2.4;NA;2.52678E+12
Culicivora_caudacuta;8;0;0;0;0;100;0;0;0;0;NA;NA;2.1008E+12
Cyanocorax_cyanomelas;207;0;0;0;20;30;40;10;0;0;4;NA;1.68046E+12
Dendrocolaptes_platyrostris;61.7;0;0;0;50;50;0;0;0;0;NA;NA;3.88531E+12
Dendroplex_picus;41.34;0;0;0;0;20;80;0;0;0;1.85;NA;9.85648E+12
Formicivora_rufa;10.8;0;0;0;50;50;0;0;0;0;2;NA;4.09088E+12
Dysithamnus_plumbeus;20.5;0;0;0;40;40;20;0;0;0;2;NA;18141183471
Dysithamnus_plumbeus;20.5;0;0;0;40;40;20;0;0;0;2;NA;4598323800
Dysithamnus_plumbeus;20.5;0;0;0;40;40;20;0;0;0;2;NA;42466647297
Dysithamnus_xanthopterus;16.16;0;0;0;0;0;100;0;0;0;2;NA;44443448370
Dysithamnus_xanthopterus;16.16;0;0;0;0;0;100;0;0;0;2;NA;2150321349
Eleoscytalopus_indigoticus;16.15;0;0;0;60;40;0;0;0;0;2;NA;4.54831E+11
Eleoscytalopus_psychopompus;17.8;0;0;0;50;30;20;0;0;0;NA;NA;5194810483
Euscarthmus_rufomarginatus;6;0;0;0;20;80;0;0;0;0;NA;NA;14975614961
Euscarthmus_rufomarginatus;6;0;0;0;20;80;0;0;0;0;NA;NA;2.44715E+12
Euscarthmus_rufomarginatus;6;0;0;0;20;80;0;0;0;0;NA;NA;36531291987
Fluvicola_nengeta;21;0;0;0;60;40;0;0;0;0;NA;NA;3.64229E+12
Geositta_poeciloptera;17.97;0;0;0;100;0;0;0;0;0;3;NA;1.45684E+12
Grallaria_varia;119;0;0;0;100;0;0;0;0;0;2;NA;3.24774E+12
Hemitriccus_margaritaceiventer;8.4;0;0;0;0;40;60;0;0;0;1.7;NA;5.80928E+12
Synallaxis_hellmayri;25.49;0;0;0;50;50;0;0;0;0;NA;NA;6325922936
Synallaxis_hellmayri;25.49;0;0;0;50;50;0;0;0;0;NA;NA;24914774723
Synallaxis_hellmayri;25.49;0;0;0;50;50;0;0;0;0;NA;NA;3.08466E+11
Hemitriccus_mirandae;8.64;0;0;0;0;10;90;0;0;0;NA;NA;1688797187
Hemitriccus_mirandae;8.64;0;0;0;0;10;90;0;0;0;NA;NA;71444060463
Hemitriccus_mirandae;8.64;0;0;0;0;10;90;0;0;0;NA;NA;7236430126
Herpsilochmus_pileatus;8.9;0;0;0;0;0;70;30;0;0;NA;NA;1545436716
Herpsilochmus_scapularis;10.58;0;0;0;0;0;100;0;0;0;NA;NA;2.83197E+12
Clibanornis_rectirostris;48;0;0;0;100;0;0;0;0;0;NA;NA;1.42195E+12
Hylophilus_pectoralis;NA;NA;0;0;0;0;40;60;0;0;2;NA;3.21433E+12
Hypoedaleus_guttatus;38.8;0;0;0;0;0;100;0;0;0;NA;NA;8.30107E+11
Lepidocolaptes_angustirostris;29.59;0;0;0;0;40;60;0;0;0;3.5;NA;6.57638E+12
Lepidocolaptes_falcinellus;27.92;0;0;0;0;0;50;50;0;0;NA;NA;4.97728E+11
Sporophila_beltoni;NA;NA;0;0;100;0;0;0;0;0;NA;NA;3.17071E+11
Sporophila_beltoni;NA;NA;0;0;100;0;0;0;0;0;NA;NA;39695156017
Sporophila_beltoni;NA;NA;0;0;100;0;0;0;0;0;NA;NA;1.53243E+11
Sporophila_beltoni;NA;NA;0;0;100;0;0;0;0;0;NA;NA;3.93093E+11
Sporophila_beltoni;NA;NA;0;0;100;0;0;0;0;0;NA;NA;36086944777
Sporophila_beltoni;NA;NA;0;0;100;0;0;0;0;0;NA;NA;1.96852E+11
Chamaeza_campanisona;90.58;0;0;0;80;20;0;0;0;0;2;NA;1.802E+12
Empidonomus_varius;27.1;0;0;0;0;30;70;0;0;0;2.2;NA;7.73758E+12
Empidonomus_varius;27.1;0;0;0;0;30;70;0;0;0;2.2;NA;2.8045E+12
Furnarius_figulus;28;0;0;0;100;0;0;0;0;0;2;NA;1.97135E+12
Heliobletus_contaminatus;14;0;0;0;0;0;50;50;0;0;NA;NA;8.15164E+11
Herpsilochmus_pectoralis;10.86;0;0;0;0;0;100;0;0;0;NA;NA;2.22306E+11
Herpsilochmus_pectoralis;10.86;0;0;0;0;0;100;0;0;0;NA;NA;92657619086
Knipolegus_nigerrimus;20.3;0;0;0;50;50;0;0;0;0;NA;NA;7.89184E+11
Conopias_trivirgatus;24.36;0;0;0;0;0;30;70;0;0;NA;NA;2.01927E+12
Drymophila_ochropyga;10.5;0;0;0;40;40;20;0;0;0;NA;NA;3.59944E+11
Drymophila_squamata;10.8;0;0;0;40;40;20;0;0;0;2;NA;3.40058E+11
Amazilia_lactea;4.6;0;0;0;0;30;30;30;10;0;2;NA;1.65337E+12
Chaetura_spinicaudus;15.69;0;0;0;0;20;10;20;50;0;NA;NA;3.1386E+12
Chaetura_spinicaudus;15.69;0;0;0;0;20;10;20;50;0;NA;NA;12587185515
Piaya_cayana;101.98;0;0;0;0;0;20;80;0;0;2;NA;1.34486E+13
Piculus_aurulentus;74.99;0;0;0;0;0;100;0;0;0;NA;NA;7.48818E+11
Tigrisoma_fasciatum;850;0;0;50;50;0;0;0;0;0;NA;NA;1.53348E+12
Celeus_ochraceus;139;0;0;0;20;30;50;0;0;0;NA;NA;1.49878E+12
Nothura_minor;165.8;0;0;0;100;0;0;0;0;0;NA;NA;4.80734E+11
Nothura_minor;165.8;0;0;0;100;0;0;0;0;0;NA;NA;6.0658E+11
Piculus_chrysochloros;88;0;0;0;0;0;60;40;0;0;NA;NA;8.62324E+12
Pygochelidon_cyanoleuca;9.7;0;0;0;0;0;100;0;0;0;NA;NA;8.46554E+12
Pygochelidon_melanoleuca;10.8;0;0;0;0;30;20;20;30;0;NA;NA;2.13069E+12
Cyanocorax_caeruleus;272;0;0;0;0;20;70;10;0;0;NA;NA;NA
Cyanocorax_chrysops;166;0;0;0;10;30;30;30;0;0;5;NA;2.8841E+12
Cyanocorax_cristatellus;178;0;0;0;60;20;20;0;0;0;3;NA;3.03702E+12
Donacobius_atricapilla;36.8;0;0;0;0;50;50;0;0;0;2.2;NA;8.62066E+12
Hylophilus_amaurocephalus;11.59;0;0;0;0;30;30;40;0;0;NA;NA;1.51552E+12
Hemitriccus_striaticollis;8.6;0;0;0;0;0;100;0;0;0;2;NA;4.01602E+12
Hemitriccus_griseipectus;8.9;0;0;0;0;0;100;0;0;0;NA;NA;2.6598E+12
Atticora_tibialis;48;0;0;0;100;0;0;0;0;0;NA;NA;3.97112E+12
Hirundinea_bellicosa;30.6;0;0;0;0;33;33;33;0;0;NA;NA;5.97794E+12
Machetornis_rixosa;29.6;0;0;0;100;0;0;0;0;0;3.5;NA;6.80581E+12
Piprites_chloris;16;0;0;0;0;0;20;80;0;0;NA;NA;7.07321E+12
Serpophaga_griseicapilla;NA;NA;NA;NA;NA;NA;NA;NA;NA;NA;NA;NA;2.15896E+12
Tachycineta_meyeni;14.9;0;0;0;0;80;20;0;0;0;NA;NA;3.05552E+12
Terenura_sicki;6.4;0;0;0;0;0;100;0;0;0;NA;NA;132397950.1
Terenura_sicki;6.4;0;0;0;0;0;100;0;0;0;NA;NA;13402643360
Xolmis_dominicanus;42.8;0;0;0;100;0;0;0;0;0;NA;NA;1.07999E+11
Xolmis_dominicanus;42.8;0;0;0;100;0;0;0;0;0;NA;NA;2.36154E+11
Cnemotriccus_fuscatus;13.6;0;0;0;40;40;20;0;0;0;3;NA;1.22437E+13
Hylophilus_poicilotis;NA;NA;0;0;0;20;60;20;0;0;NA;NA;6.73388E+11
Laniocera_hypopyrra;51;0;0;0;0;50;50;0;0;0;2;NA;6.6302E+12
Alopochelidon_fucata;13.96;0;0;0;0;80;20;0;0;0;4.5;NA;4.08043E+12
Phyllomyias_fasciatus;10.3;0;0;0;0;0;0;100;0;0;2;NA;3.90928E+12
Phylloscartes_ventralis;8.3;0;0;0;0;0;100;0;0;0;NA;NA;1.58693E+12
Zimmerius_acer;7.13;0;0;0;0;0;0;100;0;0;NA;NA;2.61609E+12
Cranioleuca_vulpina;15.7;0;0;0;0;50;50;0;0;0;2.4;NA;5.73135E+12
Capsiempis_flaveola;7.7;0;0;0;0;0;100;0;0;0;2;NA;5.72388E+12
Nannochordeiles_pusillus;30.6;1;0;0;0;0;70;10;20;0;1;NA;NA
Attila_phoenicurus;32.3;0;0;0;0;33;33;33;0;0;NA;NA;5.52411E+11
Attila_phoenicurus;32.3;0;0;0;0;33;33;33;0;0;NA;NA;3.50242E+12
Attila_phoenicurus;32.3;0;0;0;0;33;33;33;0;0;NA;NA;50426681804
Antrostomus_rufus;94.2;1;0;0;0;20;80;0;0;0;1.5;NA;5.39149E+12
Antrostomus_rufus;94.2;1;0;0;0;20;80;0;0;0;1.5;NA;2.05388E+12
Amblyramphus_holosericeus;56.76;0;0;0;100;0;0;0;0;0;NA;NA;1.58087E+12
Ammodramus_humeralis;15.99;0;0;0;60;30;10;0;0;0;2.75;NA;9.11567E+12
Arremon_semitorquatus;28.08;0;0;0;80;20;0;0;0;0;2;NA;2.1514E+11
Myiothlypis_flaveola;13.19;0;0;0;60;40;0;0;0;0;3;NA;4.10036E+12
Myiothlypis_leucoblephara;15.1;0;0;0;50;50;0;0;0;0;NA;NA;1.57299E+12
Campylorhynchus_turdinus;32.6;0;0;0;0;0;50;50;0;0;NA;NA;4.50331E+12
Spinus_yarrellii;11.3;0;0;0;50;50;0;0;0;0;NA;NA;1440779945
Spinus_yarrellii;11.3;0;0;0;50;50;0;0;0;0;NA;NA;39767430333
Spinus_yarrellii;11.3;0;0;0;50;50;0;0;0;0;NA;NA;4.54938E+11
Caryothraustes_canadensis;34.5;0;0;0;0;0;60;40;0;0;NA;NA;2.65025E+12
Chrysomus_ruficapillus;32;0;0;0;90;10;0;0;0;0;3;NA;5.79145E+12
Compsothraupis_loricata;72.49;0;0;0;0;20;30;50;0;0;NA;NA;1.67917E+12
Conirostrum_speciosum;NA;NA;0;0;60;20;20;0;0;0;NA;NA;7.56457E+12
Coryphospingus_pileatus;NA;NA;0;0;0;60;40;0;0;0;NA;NA;2.75867E+12
Cypsnagra_hirundinacea;31.4;0;0;0;30;50;10;0;10;0;NA;NA;3.21734E+12
Dacnis_nigripes;14;0;0;0;0;70;30;0;0;0;NA;NA;27783171584
Dacnis_nigripes;14;0;0;0;0;70;30;0;0;0;NA;NA;2116305730
Dacnis_nigripes;14;0;0;0;0;70;30;0;0;0;NA;NA;21752917706
Emberizoides_ypiranganus;NA;NA;0;0;20;60;20;0;0;0;NA;NA;6.49402E+11
Euphonia_laniirostris;15;0;0;0;0;0;70;30;0;0;4;NA;4.46469E+12
Icterus_croconotus;40.03;0;0;0;0;0;50;50;0;0;3;NA;3.43205E+12
Sturnella_superciliaris;45.32;0;0;0;90;10;0;0;0;0;NA;NA;NA
Islerothraupis_cristata;18.8;0;0;0;0;10;20;70;0;0;NA;NA;6.33847E+12
Tangara_palmarum;39;0;0;0;0;0;20;70;10;0;NA;NA;1.21896E+13
Cantorchilus_leucotis;19.44;0;0;0;0;80;20;0;0;0;2.4;NA;8.70956E+12
Cantorchilus_longirostris;21.3;0;0;0;0;80;20;0;0;0;NA;NA;1.51137E+12
Asemospiza_fuliginosa;NA;NA;0;0;100;0;0;0;0;0;NA;NA;9.5187E+11
Tangara_peruviana;22.2;0;0;0;0;30;40;30;0;0;NA;NA;16088816957
Tangara_peruviana;22.2;0;0;0;0;30;40;30;0;0;NA;NA;53100378851
Tangara_peruviana;22.2;0;0;0;0;30;40;30;0;0;NA;NA;56468451239
Sporophila_plumbea;NA;NA;0;0;100;0;0;0;0;0;NA;NA;4.74006E+12
Microspingus_cabanisi;19.2;0;0;0;100;0;0;0;0;0;NA;NA;7.76383E+11
Pheugopedius_genibarbis;19.2;0;0;0;0;100;0;0;0;0;NA;NA;6.32707E+12
Agelasticus_cyanopus;37.21;0;0;0;70;30;0;0;0;0;3;NA;2.87135E+12
Agelasticus_thilius;31.5;0;0;0;70;30;0;0;0;0;3;NA;2.22603E+12
Agelasticus_thilius;31.5;0;0;0;70;30;0;0;0;0;3;NA;5.90399E+11
Anthus_hellmayri;18.61;0;0;0;90;10;0;0;0;0;NA;NA;9.53537E+11
Basileuterus_hypoleucus;11.4;0;0;0;0;60;40;0;0;0;NA;NA;1.48798E+12
Cacicus_chrysopterus;36.16;0;0;0;0;0;80;20;0;0;NA;NA;1.63473E+12
Cissopis_leverianus;76;0;0;0;20;30;30;20;0;0;2;NA;5.41085E+12
Catharus_fuscescens;31.9;0;0;0;100;0;0;0;0;0;4;1.5;1.51107E+12
Conirostrum_bicolor;NA;NA;0;0;60;20;20;0;0;0;2;NA;5.66658E+11
Coryphospingus_cucullatus;NA;NA;0;0;0;60;40;0;0;0;NA;NA;4.0481E+12
Coryphospingus_cucullatus;NA;NA;0;0;0;60;40;0;0;0;NA;NA;8.63467E+11
Emberizoides_herbicola;NA;NA;0;0;70;30;0;0;0;0;2;NA;5.54692E+12
Euphonia_chlorotica;11;0;0;0;0;0;10;90;0;0;3.9;NA;9.44431E+12
Euphonia_cyanocephala;14;0;0;0;0;20;40;40;0;0;3.2;NA;2.71146E+12
Euphonia_pectoralis;14.4;0;0;0;0;0;30;70;0;0;3;NA;1.36127E+12
Gubernatrix_cristata;NA;NA;0;0;60;30;10;0;0;0;NA;NA;5.15712E+11
Gubernatrix_cristata;NA;NA;0;0;60;30;10;0;0;0;NA;NA;22514749073
Gubernatrix_cristata;NA;NA;0;0;60;30;10;0;0;0;NA;NA;7.65575E+11
Hemithraupis_flavicollis;12.8;0;0;0;0;0;20;80;0;0;NA;NA;5.62021E+12
Icterus_jamacaii;71.81;0;0;0;20;50;30;0;0;0;3;NA;2.6531E+12
Mimus_saturninus;63.7;0;0;0;100;0;0;0;0;0;3.5;NA;7.19875E+12
Molothrus_rufoaxillaris;47.5;0;0;0;90;10;0;0;0;0;NA;NA;4.72016E+12
Sporophila_hypochroma;NA;NA;0;0;50;50;0;0;0;0;NA;NA;2.00459E+11
Sporophila_hypochroma;NA;NA;0;0;50;50;0;0;0;0;NA;NA;1.40312E+12
Nemosia_pileata;16;0;0;0;0;30;70;0;0;0;2;NA;8.99177E+12
Neothraupis_fasciata;26.8;0;0;0;60;20;20;0;0;0;NA;NA;2.24233E+12
Orchesticus_abeillei;31.5;0;0;0;0;0;20;80;0;0;2;NA;1.63507E+11
Orthogonys_chloricterus;40;0;0;0;0;0;100;0;0;0;NA;NA;1.21995E+11
Paroaria_capitata;22.3;0;0;0;0;80;20;0;0;0;NA;NA;1.52237E+12
Pheucticus_aureoventris;NA;NA;0;0;30;0;30;40;0;0;NA;NA;1.1091E+12
Polioptila_dumicola;7;0;0;0;0;0;20;80;0;0;3.9;NA;4.48424E+12
Porphyrospiza_caerulescens;9.56;0;0;0;100;0;0;0;0;0;NA;NA;1.67124E+12
Psarocolius_decumanus;206.3;0;0;0;10;0;50;40;0;0;1.5;NA;1.04752E+13
Pseudoleistes_guirahuro;86.42;0;0;0;100;0;0;0;0;0;NA;NA;2.13848E+12
Pseudoleistes_virescens;79.93;0;0;0;100;0;0;0;0;0;NA;NA;8.99237E+11
Pseudoleistes_virescens;79.93;0;0;0;100;0;0;0;0;0;NA;NA;3.19095E+11
Saltatricula_atricollis;NA;NA;0;0;60;20;20;0;0;0;NA;NA;NA
Saltator_fuliginosus;50.5;0;0;0;0;0;60;40;0;0;NA;NA;8.11754E+11
Saltator_similis;NA;NA;0;0;0;70;30;0;0;0;NA;NA;3.78271E+12
Schistochlamys_melanopis;33;0;0;0;0;20;70;10;0;0;2;NA;6.47226E+12
Schistochlamys_ruficapillus;31.2;0;0;0;0;70;30;0;0;0;NA;NA;2.41223E+12
Sicalis_citrina;NA;NA;0;0;10;60;30;0;0;0;NA;NA;1.53384E+12
Sicalis_columbiana;NA;NA;0;0;20;60;20;0;0;0;NA;NA;1.8445E+12
Sicalis_flaveola;NA;NA;0;0;40;60;0;0;0;0;3;NA;8.0909E+12
Sicalis_luteola;NA;NA;0;0;30;70;0;0;0;0;NA;NA;3.84143E+12
Sporophila_falcirostris;NA;NA;0;0;100;0;0;0;0;0;NA;NA;2813931030
Sporophila_falcirostris;NA;NA;0;0;100;0;0;0;0;0;NA;NA;1.72414E+11
Sporophila_ardesiaca;10.9;0;0;0;60;40;0;0;0;0;NA;NA;6.38527E+11
Sporophila_caerulescens;NA;NA;0;0;50;50;0;0;0;0;NA;NA;3.31132E+12
Sporophila_caerulescens;NA;NA;0;0;50;50;0;0;0;0;NA;NA;1.70571E+12
Sporophila_caerulescens;NA;NA;0;0;50;50;0;0;0;0;NA;NA;2.97331E+12
Sporophila_frontalis;NA;NA;0;0;100;0;0;0;0;0;NA;NA;87303478821
Sporophila_frontalis;NA;NA;0;0;100;0;0;0;0;0;NA;NA;1.86186E+11
Sporophila_frontalis;NA;NA;0;0;100;0;0;0;0;0;NA;NA;6568436178
Sporophila_leucoptera;NA;NA;0;0;70;30;0;0;0;0;NA;NA;3.77807E+12
Sporophila_lineola;NA;NA;0;0;30;70;0;0;0;0;2.5;NA;1.52932E+12
Sporophila_lineola;NA;NA;0;0;30;70;0;0;0;0;2.5;NA;1.22423E+12
Sporophila_lineola;NA;NA;0;0;30;70;0;0;0;0;2.5;NA;9.29617E+12
Sporophila_ruficollis;NA;NA;0;0;50;50;0;0;0;0;NA;NA;1.2418E+12
Sporophila_ruficollis;NA;NA;0;0;50;50;0;0;0;0;NA;NA;2.18708E+12
Tachyphonus_coronatus;29.3;0;0;0;0;20;40;40;0;0;NA;NA;1.49274E+12
Tachyphonus_rufus;34.4;0;0;0;20;50;10;10;10;0;2.5;NA;5.94173E+12
Tangara_desmaresti;20.4;0;0;0;0;0;20;60;20;0;3;NA;2.60436E+11
Turdus_flavipes;65.14;0;0;0;10;30;30;30;0;0;NA;NA;9.09378E+11
Turdus_flavipes;65.14;0;0;0;10;30;30;30;0;0;NA;NA;31553933545
Turdus_leucomelas;69.1;0;0;0;60;20;20;0;0;0;3;3;7.69037E+12
Xanthopsar_flavus;43;0;0;0;70;30;0;0;0;0;4;NA;2.85108E+11
Xanthopsar_flavus;43;0;0;0;70;30;0;0;0;0;4;NA;4.48955E+11
Coryphaspiza_melanotis;NA;NA;0;0;0;50;50;0;0;0;NA;NA;2.18479E+12
Amaurospiza_moesta;NA;NA;0;0;70;30;0;0;0;0;NA;NA;6.53536E+11
Amazona_amazonica;370;0;0;0;0;33;33;33;0;0;3.2;NA;7.37734E+12
Ara_ararauna;1125;0;0;0;0;0;60;40;0;0;2;NA;7.7801E+12
Buteogallus_aequinoctialis;657.63;0;0;0;100;0;0;0;0;0;1;NA;1.32571E+11
Leptodon_forbesi;577;0;0;0;0;50;50;0;0;0;NA;NA;52831612825
Lipaugus_ater;80;0;0;0;0;50;50;0;0;0;NA;NA;12392205111
Myiopsitta_monachus;120;0;0;0;20;20;40;20;0;0;6;2;2.72293E+12
Myrmoderus_ruficauda;29.75;0;0;0;80;20;0;0;0;0;NA;NA;45905471401
Myrmoderus_ruficauda;29.75;0;0;0;80;20;0;0;0;0;NA;NA;83252806012
Myrmoderus_ruficauda;29.75;0;0;0;80;20;0;0;0;0;NA;NA;499323824.6
Paroaria_coronata;NA;NA;0;0;20;80;0;0;0;0;NA;NA;2.39082E+12
Phalcoboenus_chimango;296;0;0;0;100;0;0;0;0;0;NA;NA;1.4004E+11
Phalcoboenus_chimango;296;0;0;0;100;0;0;0;0;0;NA;NA;3.93077E+12
Phoenicopterus_chilensis;2277;0;0;100;0;0;0;0;0;0;1;1.5;3.27017E+12
Phoenicopterus_chilensis;2277;0;0;100;0;0;0;0;0;0;1;1.5;4.00953E+11
Pipile_jacutinga;1240.96;0;0;0;20;0;40;40;0;0;3;NA;8.94172E+11
Pipile_jacutinga;1240.96;0;0;0;20;0;40;40;0;0;3;NA;1.69006E+11
Psittacara_acuticaudatus;171;0;0;0;0;33;33;33;0;0;NA;NA;3.34504E+12
Pyrrhura_griseipectus;75.87;0;0;0;0;33;33;33;0;0;6.7;NA;1817541390
Pyrrhura_griseipectus;75.87;0;0;0;0;33;33;33;0;0;6.7;NA;686205617
Pyrrhura_griseipectus;75.87;0;0;0;0;33;33;33;0;0;6.7;NA;7674353488
Scytalopus_speluncae;13;0;0;0;60;40;0;0;0;0;2;NA;2.49816E+11
Sporophila_angolensis;13;0;0;0;60;40;0;0;0;0;NA;NA;1.18821E+13
Sporophila_hypoxantha;NA;NA;0;0;50;50;0;0;0;0;NA;NA;1.84989E+12
Sporophila_hypoxantha;NA;NA;0;0;50;50;0;0;0;0;NA;NA;1.34067E+12
