sp;svl_mm;diurnal;nocturnal;Terrestre;Arboricola;Fossorial;Aquatica;litter_or_clutch_size_n;litters_or_clutches_per_y;range_m2
Acratosaura_mentalis;NA;1;0;1;0;1;0;NA;NA;5.30E+11
Acratosaura_spinosa;53;1;0;1;0;0;0;NA;NA;1.26E+11
Alexandresaurus_camacan;66;NA;NA;1;0;0;0;NA;NA;66269725795
Ameiva_ameiva;122.73;1;0;1;0;0;0;4.715;3;1.24E+13
Ameivula_abaetensis;54.8;1;0;1;0;1;0;4;NA;1.05E+11
Ameivula_cipoensis;63.2;1;0;1;0;0;0;NA;NA;679066387.1
Ameivula_littoralis;62;1;0;1;0;1;0;5.2;NA;74091833054
Ameivula_nativo;49;1;0;1;0;1;0;4;NA;28399716248
Ameivula_ocellifera;65.33;1;0;1;0;0;0;2.1;3.9;6.69E+12
Amerotyphlops_arenensis;233;0;1;0;0;1;0;NA;NA;9.996.351.144
Amerotyphlops_brongersmianus;325;0;1;0;0;1;0;5;NA;1.35E+13
Amerotyphlops_paucisquamus;158;0;1;0;0;1;0;3;NA;97487956054
Amerotyphlops_reticulatus;536;0;1;0;0;1;0;10;NA;1.07E+13
Amnesteophis_melanauchen;NA;NA;NA;1;0;0;0;NA;NA;2.807.299.495
Amphisbaena_alba;587.6;1;1;1;0;1;0;12;NA;1.36E+13
Amphisbaena_albocingulata;137;NA;NA;0;0;1;0;NA;NA;3.09E+11
Amphisbaena_amazonica;500;NA;NA;0;0;1;0;NA;NA;3.71E+12
Amphisbaena_angustifrons;253;NA;NA;0;0;1;0;NA;NA;9.41E+11
Amphisbaena_bahiana;207;NA;NA;0;0;1;0;NA;NA;19992702.64
Amphisbaena_camura;206;0;1;0;0;1;0;NA;NA;4.78E+11
Amphisbaena_darwini;199;NA;NA;0;0;1;0;NA;NA;1.97E+12
Amphisbaena_dubia;231;0;1;0;0;1;0;4;NA;1.50E+11
Amphisbaena_fuliginosa;220;1;1;0;0;1;0;NA;NA;8.75E+12
Amphisbaena_heathi;187;NA;NA;0;0;1;0;NA;NA;2485869826
Amphisbaena_heterozonata;207;NA;NA;0;0;1;0;NA;NA;2.01E+12
Amphisbaena_hogei;191;NA;NA;0;0;1;0;NA;NA;53183750212
Amphisbaena_infraorbitale;461;NA;NA;0;0;1;0;6;NA;48235334659
Amphisbaena_kingii;201.5;NA;NA;0;0;1;0;3;1;1.39E+12
Amphisbaena_leucocephala;240;NA;NA;0;0;1;0;NA;NA;9.996.351.363
Amphisbaena_lumbricalis;247;NA;NA;0;0;1;0;NA;NA;2249711653
Amphisbaena_mertensii;250;NA;NA;0;0;1;0;7;NA;5.44E+11
Amphisbaena_metallurga;175;NA;NA;0;0;1;0;NA;NA;9.996.351.362
Amphisbaena_microcephalum;390;NA;NA;0;0;1;0;5;NA;1.42E+12
Amphisbaena_munoai;219;NA;NA;0;0;1;0;1.8;NA;2.74E+11
Amphisbaena_neglecta;161;NA;NA;0;0;1;0;NA;NA;5.56E+11
Amphisbaena_nigricauda;123.04;NA;NA;0;0;1;0;2;NA;1.17E+11
Amphisbaena_octostegum;NA;NA;NA;0;0;1;0;NA;NA;1606438313
Leposternon_polystegum ;30;NA;NA;0;0;1;0;6;NA;NA
Amphisbaena_pretrei;255;1;1;0;0;1;0;NA;NA;5.04E+11
Amphisbaena_prunicolor;206;NA;NA;0;0;1;0;NA;NA;5.54E+11
Amphisbaena_roberti;231;NA;NA;0;0;1;0;6;NA;1.60E+11
Amphisbaena_sanctaeritae;165;NA;NA;0;0;1;0;NA;NA;9.996.351.352
Amphisbaena_scutigerum;NA;NA;NA;0;0;1;0;NA;NA;1621007659
Amphisbaena_trachura;208;NA;NA;0;0;1;0;NA;NA;9.16E+11
Amphisbaena_vermicularis;254;1;1;0;0;1;0;4;NA;9.90E+11
Amphisbaena_wiedi;500;NA;NA;0;0;1;0;NA;NA;85049802731
Amphisbaena_wuchereri;NA;NA;NA;0;0;1;0;NA;NA;1.70E+11
Anilius_scytale;635;1;1;1;0;1;0;11;NA;7.90E+12
Anisolepis_grilli;82.8;NA;NA;1;1;0;0;8.1;NA;6.54E+11
Anisolepis_longicauda;98;NA;NA;1;1;0;0;NA;NA;6234626572
Anisolepis_undulatus;63;1;0;1;1;0;0;8;NA;92459761800
Anolis_brasiliensis;57.7;1;0;1;1;0;0;1.5;NA;4.90E+11
Anolis_chrysolepis;65.2;1;0;1;1;0;0;1.5;NA;7.37E+12
Anolis_fuscoauratus;43.6;1;0;1;1;0;0;1.5;NA;8.36E+12
Anolis_meridionalis;48;1;0;1;1;0;0;1.5;NA;3.06E+12
Anolis_nasofrontalis;55.1;1;0;1;1;0;0;1.5;NA;14266560.26
Anolis_pseudotigrinus;65.8;1;0;1;1;0;0;1.5;NA;83682561178
Anolis_punctatus;77.9;1;0;0;1;0;0;1.5;NA;7.24E+12
Anolis_williamsii;NA;1;0;NA;NA;NA;NA;1.5;NA;67755661517
Anotosaura_collaris;39.4;1;0;1;0;1;0;NA;NA;3.86E+11
Anotosaura_vanzolinia;40.3;1;0;1;0;1;0;2;NA;27749996813
Apostolepis_albicollaris;451;NA;NA;NA;NA;NA;NA;NA;NA;80605946672
Apostolepis_ambiniger;NA;NA;NA;NA;NA;NA;NA;NA;NA;1.47E+12
Apostolepis_ammodites;634;NA;NA;NA;NA;NA;NA;NA;NA;9.51E+11
Apostolepis_assimilis;500;1;0;0;0;1;0;NA;NA;2.02E+12
Apostolepis_cearensis;255;1;0;0;0;1;0;NA;NA;1.11E+12
Apostolepis_dimidiata;634;1;0;0;0;1;0;NA;NA;1.12E+12
Apostolepis_flavotorquata;500;1;1;0;0;1;0;NA;NA;1.50E+12
Apostolepis_goiasensis;NA;NA;NA;NA;NA;NA;NA;NA;NA;2.30E+11
Apostolepis_quirogai;365;NA;NA;0;0;1;0;NA;NA;2079942459
Aspronema_dorsivittatum;75.9;1;0;1;0;0;1;4.2;1;3.70E+12
Atractus_albuquerquei;534;NA;NA;1;0;1;0;NA;NA;3.67E+12
Atractus_caete;408;1;1;1;0;1;0;NA;NA;33487225388
Atractus_francoi;515;0;1;1;0;1;0;NA;NA;10333327656
Atractus_guentheri;479;0;1;1;0;1;0;NA;NA;4757789498
Atractus_maculatus;415;0;1;1;0;1;0;NA;NA;3529828622
Atractus_pantostictus;469;0;1;1;0;1;0;NA;NA;1.08E+12
Atractus_paraguayensis;555;1;1;1;0;1;0;NA;NA;4.26E+11
Atractus_potschi;408;0;1;1;0;1;0;NA;NA;1.07E+11
Atractus_reticulatus;437;0;1;1;0;1;0;NA;NA;1.07E+12
Atractus_serranus;865;1;1;1;0;1;0;NA;NA;11475735458
Atractus_spinalis;268;NA;NA;0;0;1;0;NA;NA;811460491
Atractus_thalesdelemai;419;1;1;1;0;1;0;NA;NA;64875112359
Atractus_trihedrurus;1085;0;1;1;0;1;0;NA;NA;36001055427
Atractus_zebrinus;649;0;1;1;0;1;0;NA;NA;3.27E+11
Bachia_bresslaui;106;1;0;0;0;1;0;NA;NA;1.54E+12
Boa_constrictor;1750;1;1;1;1;0;0;25;0.5;1.45E+13
Boiruna_maculata;1800;0;1;1;0;0;0;NA;NA;4.17E+12
Boiruna_sertaneja;2240;0;1;1;0;0;0;NA;NA;1.16E+12
Bothrops_alternatus;NA;0;1;1;0;0;0;NA;NA;3.16E+12
Bothrops_bilineata;510;0;1;0;1;0;0;NA;NA;7.03E+12
Bothrops_cotiara;1000;0;1;1;0;0;0;NA;NA;3.11E+11
Bothrops_diporus;1100;0;1;1;0;0;0;NA;NA;2.70E+12
Bothrops_erythromelas;850;0;1;1;0;0;0;NA;NA;1.07E+12
Bothrops_fonsecai;1079;0;1;1;0;0;0;NA;NA;87877087402
Bothrops_itapetiningae;570;0;1;1;0;0;0;NA;NA;1.40E+12
Bothrops_jararaca;1600;0;1;1;1;0;0;NA;NA;1.70E+12
Bothrops_jararacussu;2200;1;1;1;0;0;0;NA;NA;2.04E+12
Bothrops_leucurus;1950;0;1;1;1;0;0;NA;NA;4.89E+11
Bothrops_lutzi;800;0;1;1;0;0;0;NA;NA;1.45E+12
Bothrops_marmoratus;520;0;1;1;0;0;0;NA;NA;5.17E+11
Bothrops_matogrossensis;568;0;1;1;0;0;0;NA;NA;3.80E+12
Bothrops_moojeni;2300;0;1;1;0;0;0;NA;NA;6.00E+12
Bothrops_muriciensis;884;0;1;1;0;0;0;NA;NA;24422239192
Bothrops_neuwiedi;1000;0;1;1;0;0;0;NA;NA;1.69E+12
Bothrops_pauloensis;895;0;1;1;0;0;0;NA;NA;1.85E+12
Bothrops_pirajai;1370;0;1;1;0;0;0;NA;NA;1.35E+11
Bothrops_pubescens;1200;0;1;1;0;0;0;NA;NA;4.38E+11
Brasiliscincus_agilis;68.4;1;0;1;0;0;0;4.3;1;4.42E+11
Brasiliscincus_caissara;72;1;0;0;1;0;0;NA;NA;72314973222
Brasiliscincus_heathi;73.7;1;0;1;0;0;0;5;1;1.81E+12
Caaeteboia_amarali;386;1;0;1;0;0;0;NA;NA;4.81E+11
Calamodontophis_paucidens;361;NA;NA;1;0;0;0;NA;NA;1.03E+11
Calamodontophis_ronaldoi;373;NA;NA;1;0;0;0;NA;NA;62782091765
Caparaonia_itaiquara;60;1;0;1;0;0;0;2;NA;1.13E+11
Cercosaura_ocellata;64.9 ;1;0;1;1;0;0;3;NA;1.11E+13
Cercosaura_parkeri;37.6;1;0;1;0;0;0;2;NA;1.17E+12
Cercosaura_quadrilineata;40.5;NA;NA;NA;NA;NA;NA;NA;NA;2.62E+11
Cercosaura_schreibersii;38.57;1;0;1;0;0;0;2;1.4;4.83E+12
Chironius_bicarinatus;1800;1;0;1;1;0;0;7;NA;3.05E+12
Chironius_carinatus;2054;1;0;1;1;0;0;7.5;NA;1.09E+13
Chironius_exoletus;1545;1;0;1;1;0;0;8;NA;1.31E+13
Chironius_flavolineatus;1200;1;0;1;1;0;0;5.5;NA;6.50E+12
Chironius_foveatus;2267;1;0;1;1;0;0;6;NA;6.21E+11
Chironius_fuscus;1597;1;0;1;1;0;0;5.5;NA;8.12E+12
Chironius_laevicollis;1800;1;0;1;0;0;0;NA;NA;1.40E+12
Chironius_maculoventris;NA;NA;NA;NA;NA;NA;NA;NA;NA;7.46E+11
Chironius_quadricarinatus;1200;1;0;1;1;0;0;6;NA;4.78E+12
Clelia_clelia;NA;NA;NA;NA;NA;NA;NA;12;NA;1.34E+13
Clelia_hussami;1080;NA;NA;1;0;0;0;NA;NA;85285228415
Clelia_plumbea;2585;1;1;1;0;0;0;NA;NA;1.65E+12
Coleodactylus_brachystoma;21.9;1;1;1;0;0;0;NA;NA;8.94E+11
Coleodactylus_elizae;26.8;NA;NA;0;1;0;0;NA;NA;9.996.351.038
Coleodactylus_meridionalis;25.9;1;0;1;0;0;0;1;NA;1.26E+12
Coleodactylus_natalensis;21.3;1;0;1;0;0;0;NA;NA;51530314875
Colobodactylus_dalcyanus;NA;NA;NA;NA;NA;NA;NA;2;NA;1.31E+11
Colobodactylus_taunayi;52;NA;NA;1;0;0;0;NA;NA;1299004953
Colobosaura_modesta;49.3;1;0;1;0;0;0;2;NA;2.82E+12
Contomastix_leachei;61.9;NA;NA;NA;NA;NA;NA;NA;NA;1.43E+11
Contomastix_vacariensis;68.5;1;0;1;0;0;0;4.1;2;2.64E+11
Copeoglossum_nigropunctatum;93.6;1;0;1;0;1;0;4.7;1;9.74E+12
Corallus_cropanii;1510;0;1;1;1;0;0;NA;NA;37460287571
Corallus_hortulanus;1887;0;1;0;1;0;0;13.5;NA;1.21E+13
Coronelaps_lepidus;500;1;0;0;0;1;0;NA;NA;1.33E+12
Crotalus_durissus;NA;0;1;1;0;0;0;9;0.4165;1.44E+13
Dendrophidion_atlantica;1162;1;0;1;0;0;0;NA;NA;799299324.2
Diploglossus_lessonae;NA;1;0;1;0;1;0;NA;NA;2.77E+11
Dipsas_albifrons;590;0;1;1;1;0;0;NA;NA;4.27E+11
Dipsas_alternans;602;0;1;1;1;0;0;NA;NA;6.71E+11
Dipsas_bucephala;NA;0;1;1;1;0;0;NA;NA;2.91E+12
Dipsas_catesbyi;705;0;1;1;1;0;0;2.5;NA;7.83E+12
Dipsas_indica;NA;0;1;1;1;0;0;NA;NA;1.07E+13
Dipsas_sazimai;498;0;1;1;1;0;0;NA;NA;2.98E+11
Dipsas_variegata;912;0;1;1;1;0;0;NA;NA;8.45E+12
Ditaxodon_taeniatus;894;NA;NA;NA;NA;NA;NA;NA;NA;6.09E+11
Dryadosaura_nordestina;43.7;1;0;1;0;0;0;3;NA;1.08E+11
Drymarchon_corais;2630;1;0;1;0;0;0;9.5;NA;1.31E+13
Drymoluber_brazili;1000;NA;NA;NA;NA;;NA;NA;NA;3.85E+12
Drymoluber_dichrous;1300;1;0;1;0;0;0;9;NA;8.35E+12
Echinanthera_amoena;590;1;0;1;0;0;0;NA;NA;5.72E+11
Echinanthera_cephalomaculata;561;1;0;1;0;0;0;NA;NA;30692009644
Echinanthera_cephalostriata;471;1;0;1;0;0;0;NA;NA;1.09E+12
Echinanthera_cyanopleura;465;1;0;1;0;0;0;NA;NA;7.90E+11
Echinanthera_melanostigma;770;1;0;1;0;0;0;NA;NA;2.02E+11
Echinanthera_undulata;480;1;0;1;0;0;0;NA;NA;4.17E+11
Ecpleopus_gaudichaudii;38.7;NA;NA;NA;NA;NA;NA;NA;NA;3.83E+11
Elapomorphus_quinquelineatus;1000;1;0;0;0;1;0;NA;NA;4.57E+11
Elapomorphus_wuchereri;1180;1;0;0;0;1;0;NA;NA;1.33E+11
Enyalius_bibronii;105.5;1;0;1;1;0;0;8;NA;1.56E+12
Enyalius_bilineatus;77.7;1;0;1;1;0;0;6;NA;4.82E+11
Enyalius_boulengeri;112.8;NA;NA;1;1;0;0;NA;NA;19992703.28
Enyalius_brasiliensis;86.9;1;1;1;1;0;0;14;NA;7.89E+11
Enyalius_catenatus;92.9;1;0;1;1;0;0;18;NA;1.93E+12
Enyalius_erythroceneus;NA;1;0;1;0;0;0;NA;NA;1.33E+11
Enyalius_iheringii;106;1;0;1;1;0;0;18;NA;1.16E+11
Enyalius_perditus;79.3;1;0;1;1;0;0;14;NA;3.93E+11
Enyalius_pictus;111;NA;NA;1;0;0;0;NA;NA;1.21E+11
Epicrates_assisi;1610;0;1;1;0;0;0;13;NA;1.56E+12
Epicrates_cenchria;2200;0;1;1;0;0;0;13;NA;9.44E+12
Epicrates_crassus;1371;0;1;1;0;0;0;13;NA;4.61E+12
Epictia_australis;NA;NA;NA;NA;NA;NA;NA;NA;NA;1.82E+12
Epictia_borapeliotes;186;0;1;0;0;1;0;NA;NA;5.32E+11
Epictia_munoai;200;0;1;0;0;1;0;NA;NA;3.54E+11
Erythrolamprus_aesculapii;NA;1;0;1;0;0;0;5.5;NA;1.24E+13
Erythrolamprus_almadensis;660;1;0;1;0;0;1;8;NA;6.59E+12
Erythrolamprus_atraventer;455;1;0;1;0;0;0;NA;NA;33827471613
Erythrolamprus_frenatus;560;1;0;1;0;0;0;NA;NA;4.86E+11
Erythrolamprus_jaegeri;NA;1;1;1;0;0;0;14;NA;3.71E+12
Erythrolamprus_maryellenae;325;1;1;1;0;0;0;NA;NA;1.38E+12
Erythrolamprus_miliaris;NA;1;1;1;0;0;1;12.5;NA;1.13E+13
Erythrolamprus_mossoroensis;1232;1;1;1;0;0;1;12.5;NA;8.13E+11
Erythrolamprus_poecilogyrus;NA;1;1;1;0;0;0;5;NA;1.39E+13
Erythrolamprus_reginae;NA;1;1;1;0;0;1;6;NA;1.31E+13
Erythrolamprus_semiaureus;1000;1;0;1;0;0;1;12.5;NA;1.01E+12
Erythrolamprus_taeniogaster;738;1;0;1;0;0;1;NA;NA;8.12E+12
Erythrolamprus_typhlus;NA;1;1;1;0;0;0;3.5;NA;1.03E+13
Erythrolamprus_viridis;NA;1;0;1;0;0;0;NA;2;1.15E+12
Eunectes_murinus;10000;1;1;1;0;0;1;34.7;0.57;1.12E+13
Eunectes_notaeus;4000;1;1;1;0;0;1;30;NA;1.30E+12
Eurolophosaurus_nanuzae;50;1;0;1;0;0;0;2.1;NA;37950739355
Gomesophis_brasiliensis;336;0;1;1;0;0;1;NA;NA;9.10E+11
Gymnodactylus_amarali;44.5;0;1;1;0;0;0;1.7;2;1.11E+12
Gymnodactylus_darwinii;NA;0;1;1;1;0;0;1.7;2;63634040549
Gymnodactylus_geckoides;40.2;1;1;1;0;0;0;1.7;2;1.09E+11
Gymnodactylus_guttulatus;33;NA;NA;NA;NA;NA;NA;NA;NA;1.26E+11
Gymnodactylus_vanzolinii;NA;0;1;1;0;0;0;NA;NA;1.26E+11
Gymnophthalmus_lineatus;32.5;1;0;1;0;1;0;NA;NA;2.08E+12
Helicops_angulatus;1025;1;1;0;0;0;1;11;NA;1.04E+13
Helicops_carinicaudus;1010;1;1;0;0;0;1;NA;NA;3.80E+11
Helicops_gomesi;NA;NA;1;NA;NA;NA;NA;NA;NA;5.75E+11
Helicops_infrataeniatus;1000;1;1;0;0;0;1;NA;NA;2.20E+12
Helicops_leopardinus;810;1;1;0;0;0;1;NA;NA;1.39E+13
Helicops_modestus;633;1;1;0;0;0;1;NA;NA;8.82E+11
Hemidactylus_agrius;66;0;1;1;0;0;0;NA;NA;2.92E+11
Hemidactylus_brasilianus;47.8;0;1;1;1;0;0;2;NA;8.77E+11
Heterodactylus_imbricatus;61.4;NA;NA;1;0;0;0;2;NA;2.61E+11
Heterodactylus_lundii;60;NA;NA;NA;NA;NA;NA;NA;NA;58293342187
Heterodactylus_septentrionalis;47;NA;NA;NA;NA;NA;NA;NA;NA;1.26E+11
Homonota_uruguayensis;50;0;1;1;0;0;0;NA;NA;1.84E+11
Hoplocercus_spinosus;105;1;0;1;0;0;0;4;NA;3.38E+12
Hydrodynastes_bicinctus;NA;NA;NA;NA;NA;NA;NA;NA;NA;6.07E+12
Hydrodynastes_gigas;2750;1;0;1;0;0;1;10;NA;8.00E+12
Hydrops_caesurus;604;NA;NA;NA;NA;NA;NA;NA;NA;5.30E+11
Iguana_iguana;318.4;1;0;NA;NA;no;NA;35;1;1.32E+13
Imantodes_cenchoa;1554;0;1;0;1;0;0;4.5;NA;1.42E+13
Kentropyx_calcarata;91.4;1;0;1;1;0;0;10;1;7.23E+12
Kentropyx_paulensis;73.6;1;0;1;0;0;0;6;NA;1.19E+12
Kentropyx_vanzoi;54.5;1;0;1;0;0;0;6;NA;1.40E+12
Kentropyx_viridistriga;80.1;1;0;1;0;0;0;12;NA;1.66E+12
Kinosternon_scorpioides;NA;NA;NA;NA;NA;NA;NA;3;5;1.05E+13
Lachesis_muta;3600;0;1;1;0;0;0;10;NA;8.62E+12
Leposoma_annectans;38;NA;NA;1;0;0;0;NA;NA;82581686798
Leposoma_nanodactylus;32.3;NA;NA;1;1;0;0;NA;NA;85800312159
Leposoma_puk;41.8;1;0;1;0;0;0;NA;NA;85799945728
Leposoma_scincoides;45.9;NA;NA;1;0;0;0;2;NA;1.06E+11
Leposoma_sinepollex;30.5;NA;NA;1;0;0;0;NA;NA;330793782.8
Leptodeira_annulata;782;0;1;1;1;0;0;7;NA;1.62E+13
Leptophis_ahaetulla;1126;1;0;1;1;0;0;6;NA;1.44E+13
Lioheterophis_iheringi;NA;NA;NA;NA;NA;NA;NA;NA;NA;31413195717
Liolaemus_arambarensis;49.7;1;0;1;0;0;0;2;NA;65037925660
Liolaemus_lutzae;60.8;1;0;1;0;0;0;2.7;1;22118799118
Liolaemus_occipitalis;53.2;1;0;1;0;0;0;NA;NA;1.17E+11
Liotyphlops_beui;381;0;1;0;0;1;0;NA;NA;2.11E+12
Liotyphlops_caissara;NA;NA;NA;NA;NA;NA;NA;NA;NA;11281850237
Liotyphlops_schubarti;245;NA;NA;NA;NA;NA;NA;NA;NA;50631751684
Liotyphlops_ternetzii;365;NA;NA;NA;NA;NA;NA;NA;NA;4.42E+12
Liotyphlops_trefauti;389;0;1;0;0;1;0;NA;NA;92082060781
Liotyphlops_wilderi;290;0;1;0;0;1;0;NA;NA;58368178006
Lygophis_anomalus;760;1;0;1;0;0;0;10.5;NA;1.75E+12
Lygophis_dilepis;482;1;0;1;0;0;0;NA;NA;7.01E+12
Lygophis_flavifrenatus;755;1;0;1;0;0;0;10;NA;1.07E+12
Lygophis_meridionalis;649;1;0;1;0;0;0;NA;NA;3.43E+12
Lygophis_paucidens;;NA;NA;NA;NA;NA;NA;NA;NA;2.35E+12
Manciola_guaporicola;NA;1;0;1;0;0;0;5;NA;2.37E+12
Mastigodryas_bifossatus;1700;1;0;1;0;0;0;10;NA;1.11E+13
Mastigodryas_boddaerti;1505;NA;NA;NA;NA;NA;NA;6;NA;1.13E+13
Micrablepharus_atticolus;37.1;NA;NA;NA;NA;NA;NA;2;NA;1.68E+12
Micrablepharus_maximiliani;40.8;NA;NA;NA;NA;NA;NA;2;NA;4.01E+12
Micrurus_altirostris;1310;1;1;0;0;1;0;4.5;NA;1.20E+12
Micrurus_baliocoryphus;NA;NA;NA;NA;NA;NA;NA;5.5;NA;3.34E+11
Micrurus_brasiliensis;NA;NA;NA;NA;NA;NA;NA;5.5;NA;8.93E+11
Micrurus_corallinus;987;1;0;0;0;1;0;7;NA;2.26E+12
Micrurus_decoratus;670;1;0;0;0;1;0;NA;NA;2.56E+11
Micrurus_frontalis;1418;1;1;0;0;1;0;5.5;NA;3.31E+12
Micrurus_ibiboboca;1330;1;0;0;0;1;0;4;NA;1.70E+12
Micrurus_lemniscatus;1220;1;1;0;0;1;0;4;NA;1.28E+13
Micrurus_potyguara;916;1;1;0;0;1;0;NA;NA;5602417922
Micrurus_pyrrhocryptus;1747;NA;NA;0;0;1;0;5.5;NA;2.99E+12
Micrurus_silviae;1506;1;1;1;0;0;0;NA;NA;1.22E+11
Mussurana_bicolor;825;NA;NA;1;0;0;0;NA;NA;2.71E+12
Mussurana_montana;940;0;1;1;0;0;0;NA;NA;13082794221
Mussurana_quimi;1078;1;1;1;0;0;0;NA;NA;1.76E+12
Notomabuya_frenata;73;1;0;1;1;0;0;9;1;6.26E+12
Ophiodes_fragilis;192.5;NA;NA;1;0;0;0;13;NA;1.45E+12
Ophiodes_intermedius;171;1;1;1;0;1;0;11;NA;9.84E+11
Ophiodes_striatus;181.6;1;0;1;0;1;0;16;1;9.41E+11
Ophiodes_vertebralis;217;1;1;0;0;1;0;21;NA;2.30E+11
Oxybelis_aeneus;1524;1;0;0;1;0;0;4;NA;1.42E+13
Oxyrhopus_clathratus;800;0;1;1;0;0;0;NA;NA;1.43E+12
Oxyrhopus_formosus;1027;0;1;1;0;0;0;NA;NA;7.50E+12
Oxyrhopus_guibei;1080;1;1;1;0;0;0;NA;NA;4.56E+12
Oxyrhopus_petolarius;910;1;1;1;0;0;0;8;NA;1.42E+13
Oxyrhopus_rhombifer;;0;1;NA;NA;NA;NA;12.5;NA;9.21E+12
Oxyrhopus_trigeminus;860;1;1;1;0;0;0;10.5;NA;5.40E+12
Paleosuchus_palpebrosus;NA;NA;NA;NA;NA;NA;NA;1.330.014.578;1;1.04E+13
Paraphimophis_rusticus;1850;1;0;1;0;0;0;NA;NA;3.88E+12
Phalotris_bilineatus;NA;NA;NA;NA;NA;NA;NA;NA;NA;1.83E+12
Phalotris_concolor;NA;NA;NA;NA;NA;NA;NA;NA;NA;31669011743
Phalotris_lativittatus;;NA;NA;1;0;1;0;NA;NA;1.59E+11
Phalotris_lemniscatus;570;0;1;1;0;1;0;NA;NA;1.02E+12
Phalotris_matogrossensis;506.7;0;1;1;0;1;0;NA;NA;1.21E+12
Phalotris_mertensi;1262;0;1;1;0;1;0;NA;NA;9.86E+11
Phalotris_multipunctatus;NA;NA;NA;NA;NA;NA;NA;NA;NA;62826393601
Phalotris_nasutus;NA;NA;NA;NA;NA;NA;NA;NA;NA;1.74E+12
Phalotris_nigrilatus;NA;NA;NA;NA;NA;NA;NA;NA;NA;9.996.351.735
Phalotris_tricolor;710;NA;NA;1;0;1;0;NA;NA;2.12E+12
Philodryas_aestiva;1000;1;0;1;1;0;0;11;NA;5.44E+12
Philodryas_agassizii;500;1;0;1;0;0;0;8;NA;2.86E+12
Philodryas_arnaldoi;1300;1;0;1;1;0;0;NA;NA;1.54E+11
Philodryas_laticeps;1165;1;0;1;1;0;0;11;NA;2.53E+12
Philodryas_livida;;NA;NA;NA;NA;NA;NA;NA;NA;6.25E+11
Philodryas_mattogrossensis;;NA;NA;NA;NA;NA;NA;NA;NA;1.28E+12
Philodryas_nattereri;1065.5;1;0;1;1;0;0;NA;NA;4.05E+12
Philodryas_olfersii;1476;1;0;1;1;0;0;7;NA;1.36E+13
Philodryas_patagoniensis;1550;1;1;1;0;0;0;13;NA;8.68E+12
Philodryas_psammophidea;NA;NA;NA;NA;NA;NA;NA;NA;NA;5.19E+12
Philodryas_viridissima;1200;1;0;1;1;0;0;11;NA;7.76E+12
Phimophis_guerini;1038;0;1;1;0;0;0;NA;NA;7.21E+12
Phyllopezus_lutzae;63;0;1;1;1;0;0;NA;NA;2.94E+11
Phyllopezus_periosus;109.4;0;1;1;1;0;0;2;NA;1.71E+11
Phyllopezus_pollicaris;70.8;0;1;1;1;0;0;3;1.4;5.93E+12
Placosoma_cipoense;NA;NA;NA;NA;NA;NA;NA;NA;NA;1.26E+11
Placosoma_cordylinum;40;NA;NA;NA;NA;NA;NA;NA;NA;1.40E+12
Placosoma_glabellum;NA;NA;NA;1;1;0;0;2;NA;8.27E+11
Polychrus_acutirostris;116.3;1;0;0;1;0;0;31;1;6.48E+12
Polychrus_marmoratus;121.9;1;0;1;1;0;0;16;NA;9.32E+12
Pseudoboa_coronata;NA;NA;NA;NA;NA;NA;NA;4.5;NA;8.34E+12
Pseudoboa_haasi;1600;1;1;1;0;0;0;NA;NA;4.58E+11
Pseudoboa_nigra;1261;0;1;1;0;0;0;NA;NA;6.29E+12
Pseudoboa_serrana;887;1;1;1;0;0;0;NA;NA;1.04E+11
Pseudoeryx_plicatilis;NA;NA;NA;NA;NA;NA;NA;NA;NA;1.17E+13
Psomophis_joberti;301;1;0;1;0;1;0;NA;NA;3.53E+12
Psomophis_obtusus;455;1;0;1;0;1;0;NA;NA;8.53E+11
Psychosaura_agmosticha;62.9;1;0;0;1;0;0;5;NA;98489369175
Psychosaura_macrorhyncha;67.3;1;0;0;1;0;0;6;NA;7.69E+11
Ptychophis_flavovirgatus;NA;0;1;0;0;0;1;NA;NA;4.52E+11
Rhachidelus_brazili;1311;NA;NA;1;0;0;0;NA;NA;2.38E+12
Rhachisaurus_brachylepis;NA;NA;NA;1;0;0;0;NA;NA;2.47E+11
Rodriguesophis_iglesiasi;NA;NA;NA;NA;NA;NA;NA;NA;NA;9.03E+11
Salvator_duseni;NA;1;0;1;0;0;0;NA;NA;7.82E+11
Salvator_merianae;347.5;1;0;1;0;0;0;7.3;1;9.29E+12
Salvator_rufescens;363.5;1;0;1;0;0;0;20.5;NA;1.40E+12
Scriptosaura_catimbau;NA;1;0;0;0;1;0;NA;NA;1.25E+11
Sibon_nebulatus;1013;0;1;1;1;0;0;10;NA;6.09E+12
Sibynomorphus_mikanii;580;0;1;1;0;0;0;NA;NA;3.94E+12
Sibynomorphus_neuwiedi;660;0;1;1;1;0;0;NA;NA;1.28E+12
Sibynomorphus_turgidus;NA;NA;NA;NA;NA;NA;NA;NA;NA;4.68E+12
Sibynomorphus_ventrimaculatus;577;0;1;1;1;0;0;5;NA;1.89E+12
Simophis_rhinostoma;765;1;0;1;0;0;0;NA;NA;1.57E+12
Siphlophis_compressus;1431;0;1;1;1;0;0;9;NA;8.60E+12
Siphlophis_leucocephalus;708;0;1;1;1;0;0;NA;NA;1.06E+11
Siphlophis_longicaudatus;525.5;0;1;1;1;0;0;NA;NA;3.62E+11
Siphlophis_pulcher;803;0;1;1;1;0;0;NA;NA;4.82E+11
Siphlophis_worontzowi;NA;NA;NA;NA;NA;NA;NA;NA;NA;3.61E+12
Sordellina_punctata;496;1;0;1;0;0;1;NA;NA;1.40E+11
Spilotes_pullatus;3600;1;0;1;1;0;0;16;NA;1.34E+13
Spilotes_sulphureus;2752;1;0;1;1;0;0;10.5;NA;8.05E+12
Stenocercus_azureus;62.9;1;0;1;0;0;0;9;NA;4.68E+11
Stenocercus_caducus;77;1;0;1;1;0;0;4;NA;8.99E+11
Stenolepis_ridleyi;45;NA;NA;NA;NA;NA;NA;NA;NA;1.26E+11
Strobilurus_torquatus;85.8;1;0;0;1;0;0;3;NA;2.02E+11
Taeniophallus_affinis;712;1;0;1;0;1;0;NA;NA;2.60E+12
Taeniophallus_bilineatus;270;1;0;1;0;1;0;NA;NA;3.46E+11
Taeniophallus_occipitalis;570;1;0;1;0;0;0;NA;NA;1.16E+13
Taeniophallus_persimilis;312;1;0;1;0;1;0;NA;NA;1.69E+11
Taeniophallus_poecilopogon;443;1;0;1;0;0;0;NA;NA;5.02E+11
Tantilla_boipiranga;375;1;1;1;0;0;0;NA;NA;35250175100
Tantilla_marcovani;NA;NA;NA;NA;NA;NA;NA;NA;NA;31413195720
Tantilla_melanocephala;450;1;1;1;0;1;0;2;NA;1.48E+13
Teius_oculatus;98.4;1;0;1;0;0;0;6;1;1.44E+12
Teius_teyou;100.3;1;0;1;0;0;0;5;1;1.56E+12
Thamnodynastes_almae;NA;NA;NA;NA;NA;NA;NA;NA;NA;1.21E+11
Thamnodynastes_chaquensis;800;0;1;1;1;0;0;NA;NA;1.28E+12
Thamnodynastes_hypoconia;650;0;1;1;1;0;0;NA;NA;4.81E+12
Thamnodynastes_lanei;NA;NA;NA;NA;NA;NA;NA;NA;NA;4.86E+12
Thamnodynastes_longicaudus;619;0;1;1;1;0;0;NA;NA;26118625686
Thamnodynastes_pallidus;450;0;1;1;1;0;0;NA;NA;7.95E+12
Thamnodynastes_rutilus;641;0;1;1;0;0;1;NA;NA;6.15E+11
Thamnodynastes_sertanejo;NA;NA;NA;NA;NA;NA;NA;NA;NA;5.59E+11
Thamnodynastes_strigatus;800;0;1;1;1;0;0;NA;NA;2.13E+12
Tomodon_dorsatus;NA;1;0;1;0;0;0;NA;NA;NA
Tomodon_ocellatus;NA;NA;NA;NA;NA;NA;NA;NA;NA;3.40E+11
Trilepida_brasiliensis;237;NA;NA;NA;NA;NA;NA;NA;NA;4.39E+12
Trilepida_jani;262;0;1;0;0;1;0;NA;NA;6323032712
Trilepida_koppesi;337;0;1;0;0;1;0;NA;NA;2.91E+11
Trilepida_salgueiroi;329;0;1;0;0;1;0;NA;NA;3.40E+11
Tropidodryas_serra;830;1;0;1;1;0;0;NA;NA;6.49E+11
Tropidodryas_striaticeps;678;1;0;1;1;0;0;NA;NA;1.18E+12
Tropidophis_grapiuna;324;0;1;0;1;0;0;NA;NA;37788658411
Tropidophis_paucisquamis;350;0;1;0;1;0;0;5;NA;1.63E+11
Tropidophis_preciosus;404;0;1;0;1;0;0;NA;NA;62826393063
Tropidurus_catalanensis;80;1;0;1;0;0;0;NA;NA;3.19E+11
Tropidurus_erythrocephalus;64.1;1;0;1;0;0;0;NA;NA;1.93E+11
Tropidurus_etheridgei;61.6;1;0;1;1;0;0;6.3;2;4.25E+12
Tropidurus_guarani;73.8;1;0;0;1;0;0;2;1.4;4.14E+11
Tropidurus_hispidus;83.8;1;0;1;0;0;0;8.1;3;6.83E+12
Tropidurus_hygomi;54;1;0;1;0;0;0;2;NA;1.52E+11
Tropidurus_itambere;65;1;0;1;1;0;0;4;NA;1.64E+12
Tropidurus_montanus;72.3;1;0;1;1;0;0;3.5;NA;1.25E+11
Tropidurus_mucujensis;63;NA;NA;1;0;0;0;2;NA;1.26E+11
Tropidurus_oreadicus;77.5;1;0;1;1;0;0;5.3;NA;3.52E+12
Tropidurus_semitaeniatus;69.6;1;0;1;0;0;0;2.4;3.5;1.08E+12
Tropidurus_spinulosus;90.2;1;0;1;1;0;0;5.8;1.4;1.11E+12
Tropidurus_torquatus;75.5;1;0;1;1;0;0;7.4;3;8.92E+12
Tupinambis_quadrilineatus;200.8;1;0;1;0;0;0;NA;NA;1.88E+12
Tupinambis_teguixin;321;1;0;1;0;0;0;21.4;1;1.09E+13
Uromacerina_ricardinii;689;1;0;0;1;0;0;NA;NA;6.55E+11
Urostrophus_gallardoi;NA;1;0;0;1;0;0;NA;NA;2.23E+11
Urostrophus_vautieri;76.4;1;0;0;1;0;0;9.6;NA;74116995933
Urotheca_lateristriga;442;1;0;1;0;1;0;NA;NA;9.18E+11
Vanzosaura_rubricauda;34.7;1;0;1;0;1;0;2.3;NA;4.67E+12
Xenodon_dorbignyi;800;1;0;1;0;1;0;11;NA;1.89E+12
Xenodon_guentheri;NA;NA;NA;NA;NA;NA;NA;NA;NA;89585898099
Xenodon_histricus;345;1;0;1;0;1;0;NA;NA;9.12E+11
Xenodon_merremi;446;1;0;1;0;0;0;15;NA;6.67E+12
Xenodon_nattereri;253;1;0;1;0;0;0;NA;NA;2.36E+12
Xenodon_neuwiedii;800;1;0;1;0;0;0;8;NA;1.92E+12
Xenodon_rabdocephalus;654;1;0;1;0;0;0;8;NA;9.34E+12
Xenodon_severus;1060;1;0;1;0;0;0;22;NA;8.52E+12
Xenopholis_scalaris;354;0;1;1;0;0;0;2.5;NA;9.87E+12
Xenopholis_undulatus;465;0;1;1;0;0;0;NA;NA;2.62E+12
