sp;Body_size_mm;Diu;Noc;Crepu;Fos;Ter;Aqu;Arb;area_m;Brood.Size
Adelophryne_pachydactyla;11.1;0;1;0;0;1;1;0;5796998847.00;NA
Adenomera_ajurauna;19;0;1;0;1;0;0;0;228603342.50;NA
Adenomera_araucaria;19;0;1;0;1;0;0;0;3941478177.00;9.49
Adenomera_bokermanni;22;0;1;0;1;0;0;0;229000000000.00;18
Adenomera_diptyx;25;1;1;0;1;1;0;0;455000000000.00;49.82
Adenomera_hylaedactyla;30;1;1;0;1;1;0;0;9400000000000.00;12.65
Adenomera_marmorata;21;1;1;0;1;0;0;0;227000000000.00;5.29
Adenomera_martinezi;25.7;0;1;0;1;1;0;0;674000000000.00;10.95
Adenomera_nana;18;0;1;0;1;0;0;0;13933373047.00;NA
Adenomera_saci;24.2;0;1;1;1;0;0;0;576000000000.00;NA
Adenomera_thomei;24;0;1;0;1;0;0;0;5933374825.00;NA
Agalychnis_aspera;44;0;1;0;0;0;1;1;7786827036.00;60
Agalychnis_granulosa;48;0;1;0;0;0;1;1;19035406445.00;37.52
Allobates_olfersioides;19;1;0;0;0;1;1;0;256000000000.00;7.42
Ameerega_flavopicta;30.5;1;0;0;0;1;0;0;902000000000.00;23.62
Ameerega_picta;24.4;0;1;0;0;1;0;0;477273128.20;11.14
Aparasphenodon_ararapa;45;0;1;0;0;1;1;1;444106631.80;NA
Aparasphenodon_bokermanni;81;0;1;0;0;1;1;1;32667119.42;NA
Aparasphenodon_brunoi;81;0;1;0;0;0;1;1;249000000000.00;NA
Aplastodiscus_albofrenatus;41.6;0;1;0;0;0;1;1;16180859844.00;NA
Aplastodiscus_albosignatus;52;0;1;0;0;0;1;1;61185657334.00;NA
Aplastodiscus_arildae;41.6;0;1;0;0;0;1;1;162000000000.00;307
Aplastodiscus_callipygius;51;0;1;0;0;0;1;1;9474973922.00;NA
Aplastodiscus_cavicola;37.3;0;1;0;0;0;1;1;22877009568.00;NA
Aplastodiscus_cochranae;50.3;0;1;0;0;0;1;1;7499549165.00;328.91
Aplastodiscus_ehrhardti;39.1;0;1;0;0;0;1;1;20034240294.00;NA
Aplastodiscus_eugenioi;39;0;1;0;0;0;1;1;3271527231.00;73.86
Aplastodiscus_flumineus;50.4;0;1;0;0;1;1;1;105010235.70;NA
Aplastodiscus_ibirapitanga;43.4;0;1;0;0;1;0;1;10604069069.00;NA
Aplastodiscus_leucopygius;45.1;0;1;0;0;1;1;1;115000000000.00;202.22
Aplastodiscus_musicus;50;NA;NA;NA;0;1;1;1;675127613.60;NA
Aplastodiscus_perviridis;46.1;0;1;0;0;1;1;1;1010000000000.00;170.55
Aplastodiscus_sibilatus;33.6;0;1;0;0;1;1;0;1554192442.00;NA
Aplastodiscus_weygoldti;41.7;0;1;0;0;1;0;1;10022033.50;NA
Aplastodiscus_weygoldti;41.7;0;1;0;0;1;0;1;20712391.42;NA
Arcovomer_passarellii;25.6;0;1;0;0;1;1;0;39223630093.00;119.21
Bokermannohyla_alvarengai;140.9;0;1;0;0;1;1;1;138000000000.00;1471.22
Bokermannohyla_astartea;45;0;1;0;0;1;1;1;72036968634.00;NA
Bokermannohyla_capra;64.1;0;1;0;0;1;0;1;7438413305.00;NA
Bokermannohyla_caramaschii;70;0;1;0;0;1;0;1;10922742638.00;NA
Bokermannohyla_carvalhoi;67;0;1;0;0;1;1;1;2150547750.00;NA
Bokermannohyla_circumdata;71;0;1;0;0;1;1;1;37770065457.00;335.37
Boana_claresignata;61;NA;NA;NA;0;1;0;1;8464243832.00;NA
Boana_clepsydra;39;NA;NA;NA;0;0;1;1;5186563662.00;NA
Bokermannohyla_gouveai;69;0;1;0;0;1;1;1;457002996.10;NA
Bokermannohyla_hylax;64;0;1;0;0;1;1;1;61439766922.00;NA
Bokermannohyla_ibitipoca;42.7;0;1;0;0;1;1;1;1421444.30;NA
Bokermannohyla_langei;66;NA;NA;NA;0;1;1;1;85321378.88;NA
Bokermannohyla_luctuosa;61.9;0;1;0;0;1;1;1;13286412733.00;492.69
Bokermannohyla_martinsi;64;0;1;0;0;1;1;1;21856877960.00;NA
Bokermannohyla_nanuzae;44;0;1;0;0;1;1;1;5137069961.00;98.99
Bokermannohyla_pseudopseudis;64.6;NA;NA;NA;0;1;1;1;286000000000.00;NA
Bokermannohyla_saxicola;55;0;1;0;0;1;1;1;91672961782.00;199
Bokermannohyla_sazimai;38.2;NA;NA;NA;0;1;1;1;21325741540.00;NA
Bokermannohyla_vulcaniae;55.4;0;1;0;0;1;1;1;112260740.40;NA
Brachycephalus_alipioi;16.2;1;0;0;0;1;0;0;279761294.10;NA
Brachycephalus_didactylus;10.7;1;0;0;0;1;0;0;21854355496.00;NA
Brachycephalus_ephippium;19.7;1;0;0;0;1;0;0;131000000000.00;4.9
Brachycephalus_ferruginus;14.5;1;0;0;0;1;0;0;317245000.90;3
Brachycephalus_hermogenesi;10.5;1;0;0;0;1;0;0;23900664237.00;NA
Brachycephalus_margaritatus;18.9;1;0;0;0;1;0;0;12277464387.00;NA
Brachycephalus_nodoterga;13.4;1;0;0;0;1;0;0;80576601.44;NA
Brachycephalus_pernix;15.8;1;0;0;0;1;0;0;15837481.51;NA
Brachycephalus_pombali;15.3;1;0;0;0;1;0;0;254507983.60;NA
Brachycephalus_sulfuratus;8.5;1;0;0;0;1;0;0;5947806344.00;NA
Brachycephalus_vertebralis;15.1;1;0;0;0;1;0;0;1368250626.00;NA
Ceratophrys_aurita;149;0;1;0;1;1;0;0;617000000000.00;NA
Ceratophrys_joazeirensis;105;0;1;0;1;1;0;0;49381208811.00;2288.49
Chiasmocleis_alagoana;27;0;1;1;1;1;1;0;249198418.70;NA
Chiasmocleis_albopunctata;38;0;1;0;1;1;1;0;2550000000000.00;NA
Chiasmocleis_atlantica;31.6;0;1;0;1;1;1;0;18652799642.00;730
Chiasmocleis_capixaba;20.2;0;1;0;1;1;1;0;16773306109.00;NA
Chiasmocleis_carvalhoi;24.4;0;1;0;1;1;1;0;17617850467.00;44.44
Chiasmocleis_leucosticta;23.6;1;1;0;1;1;1;0;115000000000.00;201.49
Chiasmocleis_mantiqueira;22.8;0;1;0;1;1;1;0;23901903.46;NA
Chiasmocleis_sapiranga;25;0;1;0;1;1;1;0;52366653.32;NA
Chiasmocleis_schubarti;34.5;0;1;0;1;1;1;0;69046579960.00;NA
Corythomantis_greeningi;86.5;0;1;0;0;1;1;1;972000000000.00;700
Crossodactylodes_bokermanni;17;0;1;0;0;0;1;1;1606400583.00;NA
Crossodactylodes_izecksohni;15;0;1;0;0;0;1;1;29957414.98;NA
Crossodactylodes_pintoi;18;NA;NA;NA;0;0;1;1;76683466.81;NA
Crossodactylus_aeneus;31.7;1;1;0;0;1;1;0;82161417020.00;94.29
Crossodactylus_caramaschii;27.2;1;1;0;0;1;1;0;35204217491.00;NA
Crossodactylus_cyclospinus;24.5;1;0;0;0;1;1;0;354494426.30;NA
Crossodactylus_dantei;30;1;0;0;0;1;1;0;19117988.39;NA
Crossodactylus_dispar;33.8;1;0;0;0;1;1;0;47736896297.00;NA
Crossodactylus_fransciscanus;23.6;1;0;1;0;1;1;0;26560451492.00;NA
Crossodactylus_gaudichaudii;35.1;1;1;0;0;1;1;0;66424510396.00;144
Crossodactylus_grandis;42;1;0;0;0;1;1;0;2030879757.00;NA
Crossodactylus_lutzorum;26.4;1;0;0;0;1;1;0;23010767.10;NA
Crossodactylus_schmidti;33.3;1;0;0;0;1;1;0;34012299905.00;NA
Crossodactylus_timbuhy;28.3;1;0;0;0;1;1;0;875047519.40;NA
Crossodactylus_trachystomus;25.8;1;0;0;0;1;1;0;1794143680.00;NA
Crossodactylus_werneri;28.7;1;0;0;0;1;1;0;2.88;NA
Cycloramphus_acangatan;48.1;0;1;0;1;1;0;0;5373938029.00;NA
Cycloramphus_asper;54;NA;NA;NA;0;1;1;0;16814939288.00;NA
Cycloramphus_bandeirensis;45;1;0;1;0;1;0;0;45969922.50;NA
Cycloramphus_bolitoglossus;39.8;0;1;0;0;1;0;0;18015336255.00;NA
Cycloramphus_boraceiensis;59;0;1;0;0;1;1;0;27122486889.00;80.31
Cycloramphus_brasiliensis;77.8;0;1;0;0;1;1;0;10714343485.00;NA
Cycloramphus_carvalhoi;56;NA;NA;NA;0;1;0;0;146491050.90;NA
Cycloramphus_catarinensis;39.2;0;1;0;0;1;1;0;22351059.24;NA
Cycloramphus_cedrensis;50;NA;NA;NA;0;1;1;0;350956057.80;NA
Cycloramphus_diringshofeni;31;NA;NA;NA;0;1;0;0;4213529712.00;NA
Cycloramphus_dubius;60.3;0;1;0;0;1;1;0;1271575918.00;48.99
Cycloramphus_duseni;44;NA;NA;NA;0;1;1;0;391521074.70;NA
Cycloramphus_eleutherodactylus;58.3;1;1;1;0;1;1;0;117000000000.00;NA
Cycloramphus_faustoi;44;0;1;0;0;1;0;0;12258858.45;24.9
Cycloramphus_fuliginosus;64.3;0;1;0;0;1;1;0;110000000000.00;NA
Cycloramphus_granulosus;47;NA;NA;NA;0;1;1;0;9212665331.00;NA
Cycloramphus_izecksohni;40;0;1;0;0;1;1;0;2707076272.00;NA
Cycloramphus_juimirim;38.7;0;1;0;0;1;1;0;178499255.00;NA
Cycloramphus_lutzorum;58;1;1;1;0;1;1;0;23346801667.00;NA
Cycloramphus_migueli;42.1;NA;NA;NA;1;1;0;0;529412113.30;NA
Cycloramphus_mirandaribeiroi;68.6;NA;NA;NA;0;1;1;0;108466918.20;NA
Cycloramphus_ohausi;41.6;NA;NA;NA;0;1;1;0;878368094.80;NA
Cycloramphus_rhyakonastes;56.4;0;1;0;1;1;1;0;290580806.90;NA
Cycloramphus_semipalmatus;50.9;0;1;0;1;1;1;0;9076256921.00;NA
Cycloramphus_stejnegeri;56;NA;NA;NA;0;1;1;0;1055930282.00;30
Cycloramphus_valae;40;NA;NA;NA;0;1;1;0;4028955570.00;NA
Dasypops_schirchi;63.6;0;1;0;1;1;1;0;9625227697.00;NA
Dendrophryniscus_berthalutzae;24;0;1;0;0;1;1;1;16556459440.00;NA
Dendrophryniscus_brevipollicatus;25;1;1;0;0;1;1;1;43859319306.00;24.19
Dendrophryniscus_carvalhoi;19;NA;NA;NA;0;1;1;1;479991580.60;NA
Dendrophryniscus_krausae;23;0;1;0;0;0;1;1;1407651.09;NA
Dendrophryniscus_leucomystax;25;0;1;0;0;1;1;1;37117826816.00;NA
Dendrophryniscus_proboscideus;41;0;1;0;1;1;0;0;103133743.00;NA
Dendrophryniscus_skuki;26.2;NA;NA;NA;NA;NA;NA;NA;3.01;NA
Dendrophryniscus_stawiarskyi;22;NA;NA;NA;0;1;1;1;56580779.61;NA
Dendropsophus_anceps;42;0;1;0;0;0;1;1;206000000000.00;NA
Dendropsophus_berthalutzae;24;0;1;0;0;1;1;1;70601052616.00;54.86
Dendropsophus_bipunctatus;30;0;1;0;0;1;1;1;149000000000.00;NA
Dendropsophus_branneri;25;0;1;0;0;1;1;1;1130000000000.00;NA
Dendropsophus_bromeliaceus;20.1;0;1;0;0;0;1;1;46056755.40;NA
Dendropsophus_cruzi;25;0;1;0;0;1;1;1;381000000000.00;NA
Dendropsophus_decipiens;21;0;1;0;0;1;1;1;944000000000.00;NA
Dendropsophus_dutrai;38.1;NA;NA;NA;0;1;1;1;4634208275.00;NA
Dendropsophus_elegans;35.7;0;1;0;0;1;0;1;651000000000.00;351.14
Dendropsophus_elianeae;26;0;1;0;0;1;1;1;155000000000.00;NA
Dendropsophus_giesleri;35.9;0;1;0;0;1;1;1;42353167933.00;179.6
Dendropsophus_haddadi;24;0;1;0;0;1;1;1;47357692634.00;45
Dendropsophus_jimi;22.3;0;1;0;0;1;1;1;57358477363.00;NA
Dendropsophus_limai;19;NA;NA;NA;0;1;1;1;51893961.74;NA
Dendropsophus_meridianus;24;0;1;0;0;1;0;1;12209099483.00;NA
Dendropsophus_microps;33;0;1;0;0;1;1;1;295000000000.00;273.86
Dendropsophus_minutus;27.6;0;1;0;0;1;0;1;11000000000000.00;252.19
Dendropsophus_nahdereri;50.5;1;1;0;0;1;1;1;14244396067.00;NA
Dendropsophus_nanus;23.8;1;1;1;0;1;1;1;8160000000000.00;234.73
Dendropsophus_novaisi;36;0;1;0;0;1;1;1;486996998.20;NA
Dendropsophus_oliveirai;20;0;1;0;0;1;1;1;238000000000.00;NA
Dendropsophus_pseudomeridianus;22.7;0;1;0;0;1;0;0;8028207877.00;NA
Dendropsophus_rhea;20.7;NA;NA;NA;0;1;1;0;12743756.22;NA
Dendropsophus_rubicundulus;25.4;0;1;0;0;1;1;0;2550000000000.00;NA
Dendropsophus_ruschii;29;0;1;0;0;1;1;1;627542885.40;14.14
Dendropsophus_sanborni;21.1;0;1;0;0;1;1;1;1040000000000.00;80.62
Dendropsophus_seniculus;43;0;1;0;0;1;0;1;259000000000.00;NA
Dendropsophus_soaresi;33;0;1;0;0;1;1;1;1360000000000.00;345.96
Dendropsophus_studerae;29.6;0;1;0;0;1;1;0;135416627.80;415
Dendropsophus_werneri;23;0;1;0;0;1;1;1;56984540999.00;241.41
Dermatonotus_muelleri;74.15;0;1;0;1;1;1;0;4100000000000.00;6373.6
Elachistocleis_bicolor;43;0;1;0;1;1;1;0;1570000000000.00;643.43
Elachistocleis_cesarii;42.7;0;1;0;1;1;1;0;301000000000.00;862.07
Elachistocleis_erythrogaster;37.6;0;1;0;1;1;1;0;1297058836.00;632.46
Elachistocleis_ovalis;43.8;0;1;0;1;1;1;0;10900000000000.00;228.31
Eleutherodactylus_bilineatus;26;1;1;1;0;1;0;0;34681278760.00;NA
Euparkerella_brasiliensis;17;1;1;1;0;1;0;0;9584105424.00;NA
Euparkerella_cochranae;16;1;1;1;0;1;0;0;5561560455.00;NA
Euparkerella_robusta;23;1;1;1;0;1;0;0;75517864.88;NA
Euparkerella_tridactyla;20;1;1;1;0;1;0;0;4809202.17;NA
Fritziana_fissilis;28;0;1;0;0;0;1;1;52458292949.00;9.8
Fritziana_goeldii;37;0;1;0;0;0;1;1;163000000000.00;14.07
Fritziana_ohausi;31;0;1;0;0;0;1;1;44735387101.00;15
Frostius_erythrophthalmus;25.6;0;1;0;0;1;0;1;15170613237.00;NA
Frostius_pernambucensis;21;0;1;0;0;1;1;1;70675380170.00;NA
Gastrotheca_albolineata;60;0;1;1;0;0;0;1;30303416446.00;12.85
Gastrotheca_ernestoi;75;0;1;0;0;0;0;1;5890338994.00;24
Gastrotheca_fissipes;72;0;1;0;0;0;0;1;181000000000.00;19.6
Gastrotheca_fulvorufa;69;0;1;0;0;0;0;1;8419541108.00;NA
Gastrotheca_microdiscus;49;0;1;0;0;0;0;1;148000000000.00;NA
Haddadus_binotatus;63.8;0;1;1;0;1;0;0;575000000000.00;31.46
Holoaden_bradei;48;NA;NA;NA;1;1;0;0;360865266.40;8
Holoaden_luederwaldti;48;0;1;0;1;1;0;0;13451325311.00;38.42
Holoaden_suarezi;44.2;0;1;0;1;1;0;0;2112514365.00;NA
Hylodes_amnicola;31;1;0;1;0;1;1;0;77856291.88;NA
Hylodes_asper;44.9;1;0;0;0;1;1;1;65869929029.00;80.61
Hylodes_babax;33;1;0;0;0;1;1;1;1122613110.00;NA
Hylodes_cardosoi;46.5;1;0;0;0;1;1;0;2456628802.00;NA
Hylodes_charadranaetes;34.7;1;0;0;0;1;1;1;1173967719.00;NA
Hylodes_dactylocinus;31;1;0;0;0;1;1;0;655928856.20;48.99
Hylodes_fredi;37.5;1;0;0;0;1;1;0;151752222.30;NA
Hylodes_glaber;40;1;0;0;0;1;1;1;303632650.70;NA
Hylodes_heyeri;42.6;1;0;0;0;1;1;1;13448360925.00;132
Hylodes_lateristrigatus;40;1;0;0;0;1;1;1;66493283080.00;NA
Hylodes_magalhaesi;31.5;1;1;0;0;1;1;1;1543340114.00;NA
Hylodes_meridionalis;50;1;1;1;0;1;1;0;9743402700.00;NA
Hylodes_mertensi;54.5;1;0;0;0;1;1;1;425698635.20;NA
Hylodes_nasus;38;1;0;0;0;1;1;1;112000000000.00;NA
Hylodes_ornatus;25.5;1;0;0;0;1;1;1;5824526682.00;NA
Hylodes_otavioi;33.3;1;0;0;0;1;1;1;1656209666.00;NA
Hylodes_perere;28.4;1;1;0;0;1;1;1;902656929.60;NA
Hylodes_perplicatus;45.1;1;0;0;0;1;1;0;4662209478.00;NA
Hylodes_phyllodes;32.2;1;0;0;0;1;1;0;22584314499.00;38.52
Hylodes_pipilans;27.7;1;0;0;0;0;1;0;98535523.27;NA
Hylodes_regius;35.6;1;0;0;0;1;1;1;1272481826.00;NA
Hylodes_sazimai;30.3;1;0;0;0;1;1;0;4933433061.00;109
Hylodes_uai;33.6;1;0;0;0;1;1;1;1751332314.00;NA
Hylodes_vanzolinii;29;1;0;0;0;1;1;1;119148652.30;NA
Boana_bandeirantes;31.2;0;1;0;0;0;0;1;11037163946.00;NA
Boana_paranaiba;52.3;0;1;0;0;0;1;1;9075711735.00;NA
Boana_poaju;45.6;0;1;0;0;0;1;1;45902172.20;NA
Hypsiboas_albomarginatus;62;0;1;0;0;1;1;1;539000000000.00;NA
Hypsiboas_albopunctatus;75;0;1;0;0;0;1;1;3880000000000.00;NA
Hypsiboas_atlanticus;43.5;0;1;0;0;1;1;1;76342933595.00;NA
Hypsiboas_bischoffi;69;0;1;0;0;1;1;1;192000000000.00;NA
Hypsiboas_caingua;38;0;1;0;0;1;1;1;75502947511.00;NA
Hypsiboas_cipoensis;37.5;0;1;0;0;1;1;1;20320116763.00;NA
Hypsiboas_crepitans;75;0;1;0;0;1;0;1;3530000000000.00;NA
Hypsiboas_curupi;47;0;1;0;0;1;1;1;3243589825.00;NA
Hypsiboas_cymbalum;50;0;1;0;0;1;1;0;208757843.40;NA
Hypsiboas_exastis;99;0;1;0;0;1;1;0;40894692.01;NA
Hypsiboas_faber;104;0;1;1;0;1;1;1;1550000000000.00;NA
Hypsiboas_geographicus;85;0;1;0;0;1;1;1;10400000000000.00;NA
Hypsiboas_goianus;38.3;0;1;0;0;1;0;1;153000000000.00;NA
Hypsiboas_guentheri;47;0;1;0;0;1;1;1;27813438480.00;NA
Hypsiboas_joaquini;56.4;0;1;0;0;1;1;1;8119437496.00;NA
Hypsiboas_latistriatus;51.6;0;1;0;0;1;1;0;17831938.95;NA
Hypsiboas_leptolineatus;39;0;1;0;0;1;1;1;132000000000.00;NA
Hypsiboas_lundii;76;0;1;0;0;1;1;1;739000000000.00;NA
Hypsiboas_marginatus;51.1;0;1;0;0;1;0;1;7360670635.00;NA
Hypsiboas_pardalis;75;0;1;0;0;1;1;1;208000000000.00;NA
Hypsiboas_polytaenius;41.5;0;1;0;0;1;0;1;137000000000.00;NA
Hypsiboas_pombali;65.7;0;1;0;0;1;0;1;78078208178.00;NA
Hypsiboas_prasinus;55;0;1;0;0;1;0;1;250000000000.00;NA
Hypsiboas_pulchellus;50;0;1;0;0;1;1;0;1250000000000.00;NA
Hypsiboas_punctatus;41.7;0;1;0;0;1;0;1;11300000000000.00;NA
Hypsiboas_raniceps;82;0;1;0;0;1;0;1;8300000000000.00;NA
Hypsiboas_secedens;57;0;1;0;0;1;1;1;320481303.70;NA
Hypsiboas_semiguttatus;48;0;1;0;0;1;1;1;6786996888.00;NA
Hypsiboas_semilineatus;52;0;1;0;0;1;1;1;585000000000.00;NA
Hypsiboas_stellae;56;0;1;0;0;1;0;1;8749001727.00;NA
Hypsiboas_stenocephalus;39;0;1;0;0;1;0;1;126665248.50;NA
Ischnocnema_abdita;15.7;1;1;0;0;1;0;0;342779362.30;NA
Ischnocnema_bolbodactyla;19;1;1;0;0;1;0;0;10919691051.00;NA
Ischnocnema_concolor;18.4;0;1;0;0;1;0;0;35702360.19;NA
Ischnocnema_epipeda;NA;NA;NA;NA;0;1;0;0;4809202.17;NA
Ischnocnema_erythromera;NA;NA;NA;NA;0;1;0;0;1003816793.00;NA
Ischnocnema_gualteri;NA;NA;NA;NA;0;1;0;0;1039833087.00;NA
Ischnocnema_guentheri;40;0;1;1;0;1;0;1;408000000000.00;28.28
Ischnocnema_henselii;36.45;1;1;0;0;1;0;1;50454822742.00;24.49
Ischnocnema_hoehnei;29.4;NA;NA;NA;0;1;0;0;12049332625.00;NA
Ischnocnema_holti;31.7;0;1;0;0;1;0;1;285537403.50;15
Ischnocnema_izecksohni;NA;0;1;0;0;1;0;1;1953279385.00;NA
Ischnocnema_juipoca;26.26;0;1;1;0;1;0;0;458000000000.00;15
Ischnocnema_lactea;32;NA;NA;NA;0;1;0;0;231000000000.00;NA
Ischnocnema_manezinho;34.8;0;1;0;0;1;0;0;15365096108.00;NA
Ischnocnema_melanopygia;23.3;NA;NA;NA;0;1;0;0;362885994.70;12
Ischnocnema_nasuta;33;NA;NA;NA;0;1;0;0;625000000000.00;NA
Ischnocnema_nigriventris;19;0;1;1;0;1;0;0;169832639.10;NA
Ischnocnema_octavioi;24.3;0;1;1;0;1;0;0;8899705852.00;NA
Ischnocnema_oea;NA;1;1;0;0;1;0;0;4809202.17;NA
Ischnocnema_parva;25.5;1;1;1;0;1;0;0;124000000000.00;15.49
Ischnocnema_penaxavantinho;20.7;0;0;1;0;1;0;0;62896910674.00;NA
Ischnocnema_pusilla;NA;NA;NA;NA;0;1;0;0;542262108.70;NA
Ischnocnema_randorum;18.2;0;1;0;0;1;0;0;68227604.13;7
Ischnocnema_sambaqui;40;0;1;0;0;1;0;0;46291845.20;NA
Ischnocnema_spanios;21.4;1;0;0;0;1;0;0;1676189514.00;NA
Ischnocnema_surda;25.9;NA;NA;NA;0;1;0;1;2123055834.00;NA
Ischnocnema_venancioi;24.1;NA;NA;NA;0;1;0;0;6317751173.00;NA
Ischnocnema_verrucosa;24;0;1;0;0;1;1;0;23617839039.00;NA
Itapotihyla_langsdorffii;112;1;1;0;0;1;0;0;517000000000.00;2359.47
Leptodactylus_bufonius;60;0;1;0;1;1;1;0;1080000000000.00;504.98
Leptodactylus_caatingae;35.3;1;1;0;1;1;1;0;368000000000.00;NA
Leptodactylus_camaquara;38;1;0;0;0;1;1;0;12940899529.00;NA
Leptodactylus_chaquensis;82;0;1;0;0;1;1;0;1990000000000.00;1876.91
Leptodactylus_cunicularius;46;0;1;1;0;1;1;0;99387543149.00;NA
Leptodactylus_cupreus;55;0;1;0;0;1;1;0;224761194.60;NA
Leptodactylus_elenae;50;0;1;0;1;1;1;0;2390000000000.00;NA
Leptodactylus_flavopictus;134.9;1;0;0;0;1;1;0;72362976615.00;NA
Leptodactylus_furnarius;44;1;1;0;1;1;1;0;1150000000000.00;56.68
Leptodactylus_fuscus;46;1;1;0;0;1;1;0;11700000000000.00;111.36
Leptodactylus_gracilis;45.5;1;0;0;0;1;1;0;1960000000000.00;173.21
Leptodactylus_hylodes;25.3;1;0;0;0;1;1;0;37641637.99;NA
Leptodactylus_jolyi;45;0;1;1;1;1;1;0;131968338.80;100
Leptodactylus_labyrinthicus;158.5;0;1;1;0;1;1;0;2660000000000.00;784.12
Leptodactylus_latinasus;40;1;0;0;0;1;1;0;1820000000000.00;481
Leptodactylus_latrans;120;1;1;0;0;1;1;0;10900000000000.00;525.12
Leptodactylus_marambaiae;NA;1;0;0;0;1;1;0;63683916.45;NA
Leptodactylus_mystaceus;60;1;1;0;1;1;1;0;7130000000000.00;180.9
Leptodactylus_mystacinus;65;1;1;0;1;1;1;0;5180000000000.00;189.74
Leptodactylus_natalensis;44;0;1;0;1;1;1;0;281000000000.00;1306.61
Leptodactylus_notoaktites;50;1;0;0;0;1;1;0;191000000000.00;NA
Leptodactylus_plaumanni;46;1;0;0;1;1;1;0;211000000000.00;212.13
Leptodactylus_podicipinus;54;0;1;0;0;1;1;0;3870000000000.00;2245.82
Leptodactylus_pustulatus;40;1;0;0;0;1;1;0;1120000000000.00;NA
Leptodactylus_sertanejo;55;1;1;0;1;1;0;0;588000000000.00;NA
Leptodactylus_spixi;43;1;1;0;1;1;1;0;723000000000.00;NA
Leptodactylus_syphax;82;0;1;1;1;1;1;0;3030000000000.00;483.98
Leptodactylus_troglodytes;53.6;0;1;1;1;1;1;0;1940000000000.00;206.64
Leptodactylus_vastus;250;1;0;0;0;1;1;0;1050000000000.00;NA
Leptodactylus_viridis;72;1;0;0;0;1;1;0;9366822146.00;NA
Limnomedusa_macroglossa;54;0;1;0;0;1;1;1;467000000000.00;397.99
Lithobates_palmipes;126;1;1;0;0;1;1;0;6960000000000.00;1120.49
Lysapsus_limellum;24.8;1;1;1;0;0;1;1;812000000000.00;46.58
Macrogenioglottus_alipioi;113.8;0;1;0;0;1;1;1;249000000000.00;NA
Megaelosia_apuana;97.2;1;0;0;0;1;1;0;23852623.71;NA
Megaelosia_bocainensis;66.7;1;0;0;0;1;1;1;37084544.38;NA
Megaelosia_boticariana;95.3;1;1;0;0;1;1;0;43587514.47;NA
Megaelosia_goeldii;121;1;0;0;0;1;1;0;10178676619.00;NA
Megaelosia_jordanensis;NA;1;0;0;0;0;1;0;287597830.60;NA
Megaelosia_lutzae;92.5;1;0;0;0;1;1;0;145538551.60;NA
Megaelosia_massarti;123.9;1;0;0;0;1;1;1;722885098.00;NA
Melanophryniscus_admirabilis;40.8;1;0;0;0;1;1;0;9731936.09;20
Melanophryniscus_atroluteus;28;1;0;0;1;1;1;0;259000000000.00;122.47
Melanophryniscus_cambaraensis;35;1;1;0;NA;1;1;0;779237723.30;100
Melanophryniscus_devincenzii;29;1;0;0;NA;1;1;0;12793236042.00;NA
Melanophryniscus_dorsalis;27;1;0;0;NA;1;1;0;7478396460.00;NA
Melanophryniscus_fulvoguttatus;28;NA;NA;NA;1;1;1;0;53417594142.00;NA
Melanophryniscus_krauczuki;24.2;NA;NA;NA;0;1;0;0;125733199.90;NA
Melanophryniscus_macrogranulosus;35;NA;NA;NA;0;1;1;0;28468329.79;NA
Melanophryniscus_milanoi;23.7;1;0;0;0;1;1;1;403934818.70;NA
Melanophryniscus_moreirae;30;1;0;0;1;1;1;0;467765603.80;78
Melanophryniscus_peritus;NA;NA;NA;NA;NA;NA;NA;NA;10000594.98;NA
Melanophryniscus_simplex;28;0;1;0;NA;1;1;0;162395861.10;NA
Melanophryniscus_spectabilis;31;1;0;0;NA;1;1;0;7815003.65;NA
Melanophryniscus_tumifrons;31;NA;NA;NA;0;1;1;0;164000000000.00;NA
Melanophryniscus_xanthostomus;18.6;0;1;0;0;0;1;1;242514312.80;NA
Myersiella_microps;40;1;1;0;1;1;1;0;89663250911.00;21.17
Odontophrynus_americanus;51;0;1;0;1;1;1;0;3350000000000.00;5477.23
Odontophrynus_carvalhoi;70;0;1;0;1;1;1;0;913000000000.00;NA
Odontophrynus_cultripes;70;0;1;0;1;1;1;0;394000000000.00;NA
Odontophrynus_maisuma;43.6;0;1;0;1;1;1;0;62209899555.00;2980
Proceratophrys_salvatori;26.5;0;1;0;1;1;1;0;61425448573.00;NA
Ololygon_cosenzai;23;0;1;0;0;0;1;1;7080007827.00;NA
Ololygon_strigilata;38;0;1;0;0;1;1;1;7677899334.00;NA
Ololygon_tripui;39.2;0;1;0;0;0;1;1;18111047047.00;NA
Ololygon_tupinamba;21.8;NA;NA;NA;0;0;1;1;113825646.50;NA
Paratelmatobius_cardosoi;17.9;0;1;0;0;1;1;0;917114739.40;20
Paratelmatobius_gaigeae;18;0;1;0;0;1;1;0;88821819.35;6
Paratelmatobius_lutzii;24;NA;NA;NA;NA;NA;NA;NA;81669377.85;26.7
Paratelmatobius_mantiqueira;19.3;0;1;0;0;1;1;0;102477428.30;40
Paratelmatobius_poecilogaster;30.1;0;1;0;0;1;1;0;1325919984.00;8.06
Phasmahyla_cochranae;45.15;0;1;0;0;0;0;1;63850062910.00;125.35
Phasmahyla_exilis;34.5;0;1;0;0;0;0;1;19106286534.00;NA
Phasmahyla_guttata;45;0;1;0;0;0;0;1;55662966111.00;40
Phasmahyla_jandaia;32;0;1;0;0;0;0;1;37090229658.00;23.24
Phasmahyla_spectabilis;48.6;0;1;0;0;0;0;1;413158302.60;39.89
Phasmahyla_timbo;35.8;0;1;0;0;0;0;1;109313437.40;NA
Phrynomedusa_appendiculata;37.4;0;1;0;0;0;0;1;859653590.50;50
Phrynomedusa_bokermanni;46;0;1;0;0;0;0;1;170774164.60;NA
Phrynomedusa_fimbriata;45.6;NA;NA;NA;NA;NA;NA;NA;115678569.70;NA
Phrynomedusa_marginata;31;0;1;0;0;0;0;1;40012910140.00;NA
Phrynomedusa_vanzolinii;36.5;0;1;0;0;0;0;1;18910516534.00;NA
Phyllodytes_acuminatus;24.5;NA;NA;NA;0;1;1;1;72295144979.00;NA
Phyllodytes_brevirostris;24;NA;NA;NA;0;1;1;1;102536531.60;NA
Phyllodytes_edelmoi;28.8;NA;NA;NA;0;1;1;1;2508097502.00;NA
Phyllodytes_gyrinaethes;27.9;NA;NA;NA;0;1;1;1;1294267340.00;NA
Phyllodytes_kautskyi;38;1;1;0;0;0;1;1;21022742137.00;NA
Phyllodytes_luteolus;25;0;1;0;0;1;1;1;140000000000.00;13
Phyllodytes_maculosus;49;NA;NA;NA;0;0;1;1;2169193524.00;NA
Phyllodytes_megatympanum;23.7;NA;NA;NA;0;0;1;1;2156637267.00;NA
Phyllodytes_melanomystax;26.6;0;1;0;0;1;1;1;33572790234.00;NA
Phyllodytes_punctatus;22.8;NA;NA;NA;0;0;1;1;9448634.96;NA
Phyllodytes_tuberculosus;26;0;1;0;0;1;1;1;1540903989.00;NA
Phyllodytes_wuchereri;27.1;0;1;0;0;0;1;1;9743181474.00;NA
Phyllomedusa_bahiana;85;0;1;0;0;0;0;1;60269789889.00;NA
Phyllomedusa_burmeisteri;79;0;1;0;0;1;1;1;999000000000.00;291.58
Phyllomedusa_distincta;70;0;1;0;0;1;1;1;110000000000.00;214.48
Phyllomedusa_iheringii;75;0;1;0;0;1;0;1;138000000000.00;160
Phyllomedusa_sauvagii;96.6;0;1;0;0;1;1;1;1110000000000.00;292.21
Phyllomedusa_tetraploidea;69.4;0;1;0;0;1;1;1;376000000000.00;207.75
Physalaemus_aguirrei;28.2;0;1;0;0;1;1;0;56620438182.00;474
Physalaemus_albifrons;25;NA;NA;NA;0;1;1;0;706000000000.00;NA
Physalaemus_albonotatus;34.1;1;1;0;0;1;1;0;1770000000000.00;118.57
Physalaemus_angrensis;20;0;1;1;0;1;1;0;8315780.63;NA
Physalaemus_atim;30.5;0;1;0;0;1;1;0;98754479.68;NA
Physalaemus_atlanticus;26.8;0;1;1;0;1;1;0;4669908.37;81.42
Physalaemus_barrioi;29;0;1;0;0;1;1;0;133881039.30;171.25
Physalaemus_biligonigerus;40;0;1;0;0;1;1;0;2230000000000.00;1782.85
Physalaemus_bokermanni;19.46;NA;NA;NA;0;1;1;0;107019378.90;55
Physalaemus_caete;23;NA;NA;NA;0;1;1;0;3094806394.00;NA
Physalaemus_camacan;24;0;1;0;0;1;1;0;1269618.78;NA
Physalaemus_centralis;40;0;1;0;0;1;1;0;1800000000000.00;1666.94
Physalaemus_cicada;25.38;0;1;0;0;1;1;0;267000000000.00;NA
Physalaemus_crombiei;25.2;0;1;0;0;1;1;0;78773483030.00;150.83
Physalaemus_cuvieri;36.5;0;1;1;0;1;1;0;7280000000000.00;851.82
Physalaemus_deimaticus;24.4;0;1;0;0;1;1;0;1420268394.00;NA
Physalaemus_erikae;27.1;1;1;0;0;1;1;0;10401623987.00;NA
Physalaemus_evangelistai;23;0;1;0;0;1;1;0;2924289913.00;73.27
Physalaemus_feioi;31.2;0;1;0;0;1;1;0;45392816341.00;NA
Physalaemus_gracilis;40;0;1;0;0;1;1;0;541000000000.00;282.84
Physalaemus_henselii;27.7;0;1;0;0;1;1;0;500000000000.00;273.86
Physalaemus_insperatus;26.7;NA;NA;NA;0;1;1;0;55986505.49;NA
Physalaemus_irroratus;22.9;0;1;0;0;1;1;0;140476703.60;NA
Physalaemus_jordanensis;24;0;1;0;0;1;1;0;8985459754.00;NA
Physalaemus_kroyeri;35;0;1;1;0;1;1;0;285000000000.00;1366.61
Physalaemus_lateristriga;40.3;0;1;0;0;1;1;0;27194021969.00;NA
Physalaemus_lisei;28.25;0;1;0;0;1;1;0;57482475359.00;458.26
Physalaemus_maculiventris;25;0;1;0;0;1;1;0;116000000000.00;129
Physalaemus_marmoratus;39;0;1;0;0;1;1;0;2030000000000.00;1920.46
Physalaemus_maximus;45;0;1;0;0;1;1;0;1605518095.00;NA
Physalaemus_moreirae;28.2;0;1;0;0;1;1;0;3471334043.00;NA
Physalaemus_nanus;20;0;1;0;0;1;1;0;37936896607.00;73.48
Physalaemus_nattereri;51.3;0;1;0;0;1;1;0;2310000000000.00;2942.7
Physalaemus_obtectus;24.93;0;1;0;0;1;1;0;21119993662.00;NA
Physalaemus_olfersii;41;0;1;0;0;1;1;0;218000000000.00;651.06
Physalaemus_orophilus;28.1;NA;NA;NA;0;1;1;0;16651721397.00;NA
Physalaemus_riograndensis;16.91;NA;NA;NA;0;1;1;0;511000000000.00;223.61
Physalaemus_rupestris;17.75;0;1;0;0;1;1;0;103979369.50;34
Physalaemus_signifer;26.72;1;1;0;0;1;1;0;128000000000.00;273
Physalaemus_soaresi;22.8;0;1;0;0;1;1;0;36609353.80;NA
Physalaemus_spiniger;22.7;1;1;0;0;1;1;0;14589260613.00;58.34
Pipa_carvalhoi;68;1;1;0;0;0;1;0;463000000000.00;204.94
Pithecopus_ayeaye;46.1;0;1;0;0;0;0;1;90178654.04;NA
Pithecopus_azureus;43.1;0;1;0;0;0;0;1;2120000000000.00;NA
Pithecopus_hypochondrialis;NA;1;1;0;0;0;0;1;8180000000000.00;NA
Pithecopus_megacephalus;NA;0;1;0;0;0;0;1;1972708077.00;NA
Pithecopus_nordestinus;37;0;1;0;0;0;0;1;1020000000000.00;NA
Pithecopus_rohdei;46;0;1;0;0;0;0;1;149000000000.00;NA
Pleurodema_alium;36.1;0;1;0;0;1;1;0;27588035341.00;NA
Pleurodema_bibroni;34.8;0;1;0;0;1;1;0;310000000000.00;447.21
Pleurodema_diplolister;20;0;1;0;1;1;0;0;1390000000000.00;650
Pristimantis_paulodutrai;36;0;1;0;0;1;0;0;48419925415.00;NA
Pristimantis_ramagii;24;0;1;0;0;1;0;0;152000000000.00;10
Pristimantis_vinhai;25;0;1;0;0;1;0;0;48419925415.00;NA
Proceratophrys_appendiculata;63.2;1;1;1;1;1;1;0;100000000000.00;546.73
Proceratophrys_avelinoi;36.5;1;1;0;1;1;1;0;242000000000.00;NA
Proceratophrys_belzebul;62;1;1;0;1;1;1;0;286457044.20;NA
Proceratophrys_bigibbosa;53.4;1;1;0;1;1;1;0;30208341755.00;NA
Proceratophrys_boiei;74.3;0;1;0;1;1;1;0;641000000000.00;1296
Proceratophrys_brauni;39.8;1;1;1;1;1;1;0;10048791913.00;NA
Proceratophrys_cristiceps;50.2;0;1;0;1;1;1;0;612000000000.00;NA
Proceratophrys_cururu;53.9;0;1;0;1;1;1;0;1279479591.00;NA
Proceratophrys_goyana;62.6;0;1;0;1;1;1;0;41620857024.00;NA
Proceratophrys_izecksohni;54.1;1;1;0;1;1;1;0;154352992.20;NA
Proceratophrys_laticeps;82.7;1;1;0;1;1;1;0;76235480521.00;NA
Proceratophrys_mantiqueira;54.3;1;1;0;1;1;1;0;4847315727.00;NA
Proceratophrys_melanopogon;65.8;0;1;0;1;1;1;0;15675044861.00;664
Proceratophrys_moehringi;63.6;1;0;1;1;1;1;0;5599170638.00;NA
Proceratophrys_palustris;33.8;1;1;0;1;1;1;0;909884818.50;NA
Proceratophrys_paviotii;56.6;0;1;0;1;1;1;0;3294418.55;NA
Proceratophrys_phyllostoma;76.6;NA;NA;NA;1;1;1;0;123908948.10;NA
Proceratophrys_pombali;33.8;0;1;1;1;1;1;0;1143179700.00;NA
Proceratophrys_renalis;55;0;1;0;1;1;1;0;533000000000.00;NA
Proceratophrys_schirchi;50;0;1;0;1;1;1;0;113000000000.00;NA
Proceratophrys_subguttata;58.9;0;1;0;1;1;1;0;17641657936.00;NA
Proceratophrys_tupinamba;72.8;1;1;1;1;1;1;0;2.86;830.44
Proceratophrys_vielliardi;45.5;0;1;0;1;1;1;0;21781383233.00;NA
Pseudis_bolbodactyla;58;0;1;0;0;0;1;0;943000000000.00;230
Pseudis_cardosoi;55.9;0;1;0;0;0;1;0;15979438337.00;118.32
Pseudis_fusca;53;0;1;0;0;0;1;0;86882433318.00;NA
Pseudis_minuta;51.1;0;1;0;0;0;1;0;484000000000.00;436.35
Pseudis_paradoxa;75;0;1;0;0;0;1;0;7740000000000.00;1558.08
Pseudis_platensis;57.5;0;1;0;0;0;1;0;536000000000.00;630.85
Pseudopaludicola_atragula;16.7;1;0;0;0;1;1;0;12566892716.00;NA
Pseudopaludicola_boliviana;14.1;1;1;1;0;1;1;0;4070000000000.00;126.29
Pseudopaludicola_falcipes;18.1;1;1;0;0;1;1;0;1640000000000.00;300
Pseudopaludicola_jaredi;15.9;0;1;0;0;1;1;0;92484555365.00;NA
Pseudopaludicola_mineira;17.4;1;0;0;0;1;1;0;1552303491.00;NA
Pseudopaludicola_murundu;16;0;1;1;0;1;1;0;36344863258.00;32
Pseudopaludicola_mystacalis;18.9;1;0;0;0;1;1;0;2620000000000.00;110.16
Pseudopaludicola_pocoto;13.9;0;1;0;0;1;1;0;455000000000.00;NA
Pseudopaludicola_saltica;22;1;1;0;0;1;1;0;957000000000.00;79.09
Rhinella_abei;83.9;0;1;0;0;1;1;0;30118258467.00;NA
Rhinella_achavali;120;0;1;0;0;1;1;0;172000000000.00;NA
Rhinella_arenarum;115.5;NA;NA;NA;0;1;1;0;1670000000000.00;11669.79
Rhinella_azarai;45.45;0;1;0;0;1;1;0;120000000000.00;5334.41
Rhinella_bergi;49.93;1;1;0;0;1;1;0;514000000000.00;NA
Rhinella_cerradensis;147;NA;NA;NA;0;1;1;0;218000000000.00;NA
Rhinella_crucifer;130;0;1;0;0;1;1;0;378000000000.00;3056.03
Rhinella_diptycha;130;0;1;0;0;1;1;0;3806737377.00;NA
Rhinella_dorbignyi;70;1;0;1;0;1;1;0;447000000000.00;9000
Rhinella_fernandezae;76;1;1;0;0;1;1;0;557000000000.00;4738.67
Rhinella_granulosa;90;0;1;0;0;1;1;0;11000000000000.00;2606.38
Rhinella_henseli;63.9;0;1;0;0;1;1;0;106000000000.00;NA
Rhinella_hoogmoedi;42;0;1;0;0;1;1;0;265000000000.00;NA
Rhinella_icterica;190;1;1;1;0;1;1;0;1540000000000.00;2905.2
Rhinella_jimi;145;0;1;0;0;1;1;0;659000000000.00;NA
Rhinella_margaritifera;74;1;0;0;0;1;1;0;8970000000000.00;681.91
Rhinella_marina;241;1;1;1;0;1;1;0;8450000000000.00;12016.66
Rhinella_mirandaribeiroi;60.34;0;1;0;0;1;1;0;3040000000000.00;NA
Rhinella_ocellata;53;NA;NA;NA;0;1;1;0;1070000000000.00;1003.99
Rhinella_ornata;84.29;1;1;1;0;1;1;0;187000000000.00;2967.97
Rhinella_pombali;119;1;1;1;0;1;1;0;167000000000.00;NA
Rhinella_pygmaea;41;0;1;0;1;1;1;0;17301966665.00;4140
Rhinella_rubescens;130;NA;NA;NA;0;1;1;0;1500000000000.00;NA
Rhinella_sebbeni;66.7;0;1;0;0;1;1;0;1734656745.00;NA
Scinax_acuminatus;48;0;1;0;0;1;1;1;1010000000000.00;896.15
Scinax_agilis;19.5;1;1;0;0;1;1;1;25386651055.00;NA
Scinax_albicans;46.94;0;1;0;0;1;1;1;17564328757.00;631.5
Scinax_alter;32;0;1;0;0;1;1;1;351000000000.00;295.21
Scinax_angrensis;39.2;1;1;0;0;1;1;1;1381870859.00;523.61
Scinax_arduous;26.2;1;1;0;0;1;1;1;14843204.25;NA
Scinax_argyreornatus;23;0;1;0;0;1;1;1;185000000000.00;94.15
Scinax_ariadne;46.5;0;1;0;0;1;1;1;976860406.30;NA
Scinax_aromothyella;31.8;0;1;0;0;0;1;1;17292079.53;489.9
Scinax_atratus;20;NA;NA;NA;0;1;1;1;1257583676.00;NA
Scinax_auratus;24.7;NA;NA;NA;0;1;1;1;122000000000.00;NA
Scinax_belloni;39;0;1;0;0;0;1;1;11734178.41;NA
Scinax_berthae;25;NA;NA;NA;0;1;1;1;900000000000.00;NA
Scinax_brieni;40;0;1;0;0;1;1;1;43951412122.00;NA
Scinax_cabralensis;25;NA;NA;NA;0;0;1;1;1551931731.00;NA
Scinax_caissara;NA;NA;NA;NA;NA;NA;NA;NA;654798417.80;NA
Scinax_caldarum;35;0;1;0;0;1;1;1;66099153678.00;NA
Scinax_camposseabrai;35.9;NA;NA;NA;0;1;1;0;21783720809.00;NA
Scinax_cardosoi;NA;0;1;0;0;1;1;1;24114774540.00;NA
Scinax_carnevallii;32;0;1;0;0;1;1;1;32080644802.00;NA
Scinax_catharinae;45.5;0;1;0;0;1;0;1;63230949135.00;424.26
Scinax_constrictus;35.6;NA;NA;NA;0;1;0;0;57434847485.00;207
Scinax_cretatus;NA;NA;NA;NA;NA;NA;NA;NA;85416164278.00;NA
Scinax_crospedospilus;37.6;0;1;0;0;1;1;1;40155621089.00;NA
Scinax_curicica;31.5;NA;NA;NA;0;1;0;1;18380088.38;NA
Scinax_cuspidatus;32.5;0;1;0;0;1;1;1;204000000000.00;125.42
Scinax_duartei;37;0;1;0;0;1;1;1;28762032228.00;384.71
Scinax_eurydice;53.8;0;1;0;0;1;1;1;453000000000.00;1686.04
Scinax_flavoguttatus;45.4;0;1;0;0;1;1;1;161000000000.00;NA
Scinax_fuscomarginatus;26.7;0;1;0;0;1;1;1;5100000000000.00;279.08
Scinax_fuscovarius;55.3;0;1;0;0;1;1;1;4960000000000.00;1547.45
Scinax_granulatus;43;0;1;0;0;1;0;1;646000000000.00;1090.87
Scinax_hayii;53;0;1;0;0;1;1;1;179000000000.00;1913.84
Scinax_heyeri;35.6;0;1;0;0;1;1;1;1165862033.00;NA
Scinax_hiemalis;34.4;0;1;0;0;1;1;1;53182319561.00;270
Scinax_humilis;40.9;0;1;0;0;1;1;1;43320183228.00;NA
Scinax_imbegue;32;0;1;0;0;0;1;1;19889789456.00;NA
Scinax_insperatus;23;0;1;0;0;0;1;1;19673970.99;NA
Scinax_juncae;27;0;1;0;0;1;1;1;12650149148.00;NA
Scinax_jureia;33.6;0;1;0;0;1;1;1;281104508.10;120
Scinax_littoralis;39.9;0;1;1;0;1;1;1;9563407600.00;528.2
Scinax_littoreus;25.5;0;1;1;0;1;1;1;5211960360.00;6.71
Scinax_longilineus;48;0;1;0;0;1;1;1;78862901295.00;NA
Scinax_luizotavioi;30;0;1;0;0;1;1;1;226000000000.00;NA
Scinax_machadoi;26;0;1;0;0;1;1;1;28669019421.00;NA
Scinax_maracaya;28;NA;NA;NA;0;1;1;1;3536366630.00;NA
Scinax_melanodactylus;NA;NA;NA;NA;NA;NA;NA;NA;21477070694.00;NA
Scinax_melloi;18.7;NA;NA;NA;0;1;1;1;1030900383.00;NA
Scinax_muriciensis;NA;NA;NA;NA;NA;NA;NA;NA;9819933.33;NA
Scinax_nasicus;39;0;1;0;0;1;1;1;2590000000000.00;143.5
Scinax_obtriangulatus;39;0;1;0;0;1;1;1;85486674469.00;NA
Scinax_pachycrus;33;0;1;0;0;1;1;1;379000000000.00;NA
Scinax_perereca;42.2;0;1;0;0;1;1;1;326000000000.00;614.82
Scinax_perpusillus;25;0;1;1;0;1;1;1;62857711006.00;6.71
Scinax_pinima;29;NA;NA;NA;0;1;1;0;1055943460.00;NA
Scinax_ranki;28.7;0;1;0;0;1;1;1;2498306358.00;NA
Scinax_rizibilis;34;1;1;0;0;1;1;1;113000000000.00;1131.37
Scinax_rogerioi;35.6;0;1;0;0;1;0;1;9611984162.00;NA
Scinax_rossaferesae;NA;NA;NA;NA;NA;NA;NA;NA;2871370435.00;NA
Scinax_ruber;45;0;1;0;0;1;0;1;8120000000000.00;282.06
Scinax_similis;41;0;1;0;0;0;1;1;23588845592.00;NA
Scinax_skuki;NA;NA;NA;NA;NA;NA;NA;NA;9682542.98;NA
Scinax_squalirostris;29;0;1;0;0;1;1;1;2310000000000.00;172.05
Scinax_tigrinus;30.8;NA;NA;NA;0;0;1;1;2331852348.00;NA
Scinax_trapicheiroi;40;0;1;0;0;1;1;1;11403845143.00;NA
Scinax_tymbamirim;26;0;1;0;0;0;1;1;80703771589.00;NA
Scinax_uruguayus;25.8;0;1;0;0;1;1;1;166000000000.00;400
Scinax_v_signatus;27;0;1;0;0;0;1;1;28883605709.00;NA
Scinax_x_signatus;41;0;1;0;0;1;1;1;10600000000000.00;NA
Scythrophrys_sawayae;16.71;0;1;0;0;1;1;0;9311076079.00;33
Sphaenorhynchus_botocudo;29.3;0;1;0;0;1;1;1;3328511408.00;NA
Sphaenorhynchus_bromelicola;30;NA;NA;NA;0;1;1;1;26650396.26;NA
Sphaenorhynchus_canga;NA;NA;NA;NA;NA;NA;NA;NA;2720085.83;NA
Sphaenorhynchus_caramaschii;29.3;0;1;0;0;1;1;1;47599033081.00;NA
Sphaenorhynchus_orophilus;32;0;1;0;0;1;1;1;34826909292.00;NA
Sphaenorhynchus_palustris;36;0;1;0;0;1;1;1;107000000000.00;NA
Sphaenorhynchus_pauloalvini;24;0;1;0;0;1;1;1;18591663920.00;NA
Sphaenorhynchus_planicola;24;0;1;0;0;1;1;1;38795220871.00;NA
Sphaenorhynchus_prasinus;31;0;1;0;0;1;1;1;168000000000.00;NA
Sphaenorhynchus_surdus;28;0;1;0;0;1;1;1;56703778126.00;NA
Stereocyclops_histrio;NA;NA;NA;NA;NA;NA;NA;NA;447344771.40;NA
Stereocyclops_incrassatus;57.8;0;1;0;1;1;1;1;155000000000.00;NA
Stereocyclops_palmipes;NA;NA;NA;NA;NA;NA;NA;NA;4786335.59;NA
Stereocyclops_parkeri;60;0;1;0;1;1;1;0;12432110616.00;NA
Thoropa_lutzi;30;0;1;0;0;1;1;0;17814623190.00;93.51
Thoropa_megatympanum;53;0;1;0;0;1;1;0;22061890066.00;61.64
Thoropa_miliaris;78;0;1;1;0;1;1;0;499000000000.00;181.66
Thoropa_petropolitana;27;0;1;0;0;1;1;0;16307991595.00;22.92
Thoropa_saxatilis;58;0;1;0;0;1;1;0;4881529590.00;33
Thoropa_taophora;102.1;0;1;0;0;1;1;0;2617642237.00;654.33
Trachycephalus_atlas;107;0;1;0;0;1;0;1;108000000000.00;NA
Trachycephalus_dibernardoi;84.4;0;1;0;0;0;0;1;28399580233.00;NA
Trachycephalus_imitatrix;71;0;1;0;0;1;0;1;276000000000.00;NA
Trachycephalus_lepidus;58.7;0;1;0;0;1;1;1;25584787.94;NA
Trachycephalus_mesophaeus;80.5;0;1;0;0;1;1;1;842000000000.00;1395.24
Trachycephalus_nigromaculatus;91.05;0;1;0;0;1;0;1;691000000000.00;270
Trachycephalus_typhonius;105;1;1;0;0;1;1;1;11500000000000.00;1457.84
Vitreorana_baliomma;NA;0;1;0;0;0;0;1;52653849827.00;NA
Vitreorana_eurygnatha;23;0;1;0;0;0;0;1;447000000000.00;NA
Vitreorana_parvula;17;NA;NA;NA;0;0;0;1;685623998.40;NA
Vitreorana_uranoscopa;25.8;0;1;0;0;0;0;1;585000000000.00;30.46
Xenohyla_eugenioi;45.5;NA;NA;NA;0;0;1;1;16435671880.00;NA
Xenohyla_truncata;42;0;1;0;0;0;1;1;11940874883.00;186
Zachaenus_carvalhoi;37;0;1;0;0;1;0;0;4809202.17;37
Zachaenus_parvulus;29.6;0;1;0;0;1;0;0;7712090816.00;NA
